dynasty_id,dynasty,reignTitle,monarch,monarchName,beginYear,endYear,label,uri
夏,夏,,,,-1989,-1559,夏,http://data.library.sh.cn/authority/temporal/4alljneqiivh5691
商,商,,,,-1559,-1123,商,http://data.library.sh.cn/authority/temporal/5et552ry5g8t8t1m
周,周,,,,-1123,-256,周,http://data.library.sh.cn/authority/temporal/h49zie56z4d1gtq2
西周,西周,,,,-1046,-771,西周,http://data.library.sh.cn/authority/temporal/8qs9fkfuknhhewht
东周,东周,,,,-770,-221,东周,http://data.library.sh.cn/authority/temporal/cjnk46stusravcp5
春秋,春秋,,,,-770,-477,春秋,http://data.library.sh.cn/authority/temporal/mpacvj7uvzbrfj6x
战国,战国,,,,-476,-221,战国,http://data.library.sh.cn/authority/temporal/ksjisjzdlwskal1w
秦,秦,,始皇帝,嬴政,-221,-210,秦,http://data.library.sh.cn/authority/temporal/ty2nvzpe6atov9rz
秦,秦,,,,-221,-206,秦,http://data.library.sh.cn/authority/temporal/qs36fnjpp26jtw8s
秦,秦,,二世,嬴胡亥,-209,-207,秦,http://data.library.sh.cn/authority/temporal/r3iiwqb8wltcenxp
秦,秦,,,嬴子婴,-206,-206,秦,http://data.library.sh.cn/authority/temporal/k823rq1gc2a82h98
汉,汉,,,,-206,220,汉,http://data.library.sh.cn/authority/temporal/95vht2jlgtwimv93
汉,汉,,高祖,刘邦,-206,-195,汉,http://data.library.sh.cn/authority/temporal/pdkyarlmn2gznnmm
西汉,西汉,,,,-206,8,西汉,http://data.library.sh.cn/authority/temporal/sbirtc1g5d7oz64i
汉,汉,,惠帝,刘盈,-194,-188,汉,http://data.library.sh.cn/authority/temporal/fzrdpg8c9ehg7c9l
汉,汉,,高后,吕稚,-187,-180,汉,http://data.library.sh.cn/authority/temporal/hugoik4rcc88xc8r
汉,汉,,文帝,刘恒,-179,-164,汉,http://data.library.sh.cn/authority/temporal/lqgnkyu1agxb64ov
汉,汉,后元,文帝,刘恒,-163,-157,汉后元,http://data.library.sh.cn/authority/temporal/ze8flnm3ke6f53fb
汉,汉,,景帝,刘启,-156,-150,汉,http://data.library.sh.cn/authority/temporal/hx8ljjt6m9jwgfdq
汉,汉,中元,景帝,刘启,-149,-144,汉中元,http://data.library.sh.cn/authority/temporal/k9gxgdudz3m1u2hh
汉,汉,后元,景帝,刘启,-143,-141,汉后元,http://data.library.sh.cn/authority/temporal/anv3dae72kbwspdp
汉,汉,建元,武帝,刘彻,-140,-135,汉建元,http://data.library.sh.cn/authority/temporal/ipxo2wfpg3dfdpuz
汉,汉,元光,武帝,刘彻,-134,-129,汉元光,http://data.library.sh.cn/authority/temporal/tkj9b6oawtb766te
汉,汉,元朔,武帝,刘彻,-128,-123,汉元朔,http://data.library.sh.cn/authority/temporal/e2fps8lrgpqb64sy
汉,汉,元狩,武帝,刘彻,-122,-117,汉元狩,http://data.library.sh.cn/authority/temporal/4vnb6hdrnl4lvxpy
汉,汉,元鼎,武帝,刘彻,-116,-111,汉元鼎,http://data.library.sh.cn/authority/temporal/me9dwgm6awvj9hes
汉,汉,元封,武帝,刘彻,-110,-105,汉元封,http://data.library.sh.cn/authority/temporal/25uojc6z3xyok9py
汉,汉,太初,武帝,刘彻,-104,-101,汉太初,http://data.library.sh.cn/authority/temporal/6m6jksktokitfrk4
汉,汉,天汉,武帝,刘彻,-100,-97,汉天汉,http://data.library.sh.cn/authority/temporal/mb8brwopp4o89led
汉,汉,太始,武帝,刘彻,-96,-93,汉太始,http://data.library.sh.cn/authority/temporal/tgyyt8d5lthvmlwn
汉,汉,延和,武帝,刘彻,-92,-89,汉征和,http://data.library.sh.cn/authority/temporal/m7f6sfm3ykrfgt2o
汉,汉,后元,武帝,刘彻,-88,-87,汉后元,http://data.library.sh.cn/authority/temporal/3fili3zv9yysq5gb
汉,汉,始元,昭帝,刘弗陵,-86,-81,汉始元,http://data.library.sh.cn/authority/temporal/r1e1o1bctcf9cq1j
汉,汉,元凤,昭帝,刘弗陵,-80,-75,汉元凤,http://data.library.sh.cn/authority/temporal/lj31eykj5gbstwb8
汉,汉,元平,昭帝,刘弗陵,-74,-74,汉元平,http://data.library.sh.cn/authority/temporal/36rqoc5x176hpebi
汉,汉,本始,宣帝,刘询,-73,-70,汉本始,http://data.library.sh.cn/authority/temporal/jss6ikjwr52g863z
汉,汉,地节,宣帝,刘询,-69,-66,汉地节,http://data.library.sh.cn/authority/temporal/7u3h2hciii822gfe
汉,汉,元康,宣帝,刘询,-65,-61,汉元康,http://data.library.sh.cn/authority/temporal/rw9jqrxkcdqxaftr
汉,汉,神爵,宣帝,刘询,-61,-58,汉神爵,http://data.library.sh.cn/authority/temporal/hk1p6csqamgy6haa
汉,汉,五凤,宣帝,刘询,-57,-54,汉五凤,http://data.library.sh.cn/authority/temporal/rvb7vdfieh6za8es
汉,汉,甘露,宣帝,刘询,-53,-50,汉甘露,http://data.library.sh.cn/authority/temporal/h8umklt7snvbgucs
汉,汉,黄龙,宣帝,刘询,-49,-49,汉黄龙,http://data.library.sh.cn/authority/temporal/im3yti4yeci8mmys
汉,汉,初元,元帝,刘奭,-48,-44,汉初元,http://data.library.sh.cn/authority/temporal/2ng71fajza2th444
汉,汉,永光,元帝,刘奭,-43,-39,汉永光,http://data.library.sh.cn/authority/temporal/cdy5blysbugln8f7
汉,汉,建昭,元帝,刘奭,-38,-34,汉建昭,http://data.library.sh.cn/authority/temporal/gyt1bylta4scmz5q
汉,汉,竟宁,元帝,刘奭,-33,-33,汉竟宁,http://data.library.sh.cn/authority/temporal/o79zxorcf34gvckg
汉,汉,建始,成帝,刘骜,-32,-28,汉建始,http://data.library.sh.cn/authority/temporal/w6v3v9dltjion1yi
汉,汉,河平,成帝,刘骜,-28,-25,汉河平,http://data.library.sh.cn/authority/temporal/oz892n54486yh9xa
汉,汉,阳朔,成帝,刘骜,-24,-21,汉阳朔,http://data.library.sh.cn/authority/temporal/ktpijakzsv3t9bqm
汉,汉,鸿嘉,成帝,刘骜,-20,-17,汉鸿嘉,http://data.library.sh.cn/authority/temporal/6oa4jj47g4xxh3fb
汉,汉,永始,成帝,刘骜,-16,-13,汉永始,http://data.library.sh.cn/authority/temporal/h841m6ndrgk9uoc7
汉,汉,元延,成帝,刘骜,-12,-9,汉元延,http://data.library.sh.cn/authority/temporal/fkwm4qzusgoznfha
汉,汉,绥和,成帝,刘骜,-8,-7,汉绥和,http://data.library.sh.cn/authority/temporal/7i3c52ulmk1g3aj9
汉,汉,建平,哀帝,刘欣,-6,-3,汉建平,http://data.library.sh.cn/authority/temporal/vuoeofj271g96eb2
汉,汉,太初,哀帝,刘欣,-5,-5,汉太初,http://data.library.sh.cn/authority/temporal/sukmweaeo52v7j6e
汉,汉,元寿,哀帝,刘欣,-2,-1,汉元寿,http://data.library.sh.cn/authority/temporal/5hvqv2zbeyy4bf7v
汉,汉,元始,平帝,刘衎,1,5,汉元始,http://data.library.sh.cn/authority/temporal/1j73xqybmk7lr649
汉,汉,居摄,孺子,刘婴,6,8,汉居摄,http://data.library.sh.cn/authority/temporal/5maiex7kzlaaujpu
汉,汉,初始,孺子,刘婴,8,8,汉初始,http://data.library.sh.cn/authority/temporal/ga8tf8qsxkbcc8gc
新,新,始建国,,王莽,9,13,新始建国,http://data.library.sh.cn/authority/temporal/6hj5hqgeqm63s54e
新,新,天凤,,王莽,14,19,新天凤,http://data.library.sh.cn/authority/temporal/rfqm4sgzhpw1n9fs
新,新,地皇,,王莽,20,23,新地皇,http://data.library.sh.cn/authority/temporal/32zcdr1sao5kdsna
,,复汉,,隗嚣,23,34,复汉,http://data.library.sh.cn/authority/temporal/9hjgf8yr6j7v4mlx
,,更始,,刘玄,23,25,更始,http://data.library.sh.cn/authority/temporal/95m9duj9c35zle32
东汉,东汉,,,,25,220,东汉,http://data.library.sh.cn/authority/temporal/kefbb8iphd4t5e3c
,,建世,,刘盆子,25,27,建世,http://data.library.sh.cn/authority/temporal/ozxi9fv6bwqco8w2
,,龙兴,,公孙述,25,36,龙兴,http://data.library.sh.cn/authority/temporal/ukt8q8ulu8w9xgnf
东汉,东汉,建武,光武帝,刘秀,25,56,东汉建武,http://data.library.sh.cn/authority/temporal/metvom7i4f3twkxi
东汉,东汉,建武中元,光武帝,刘秀,56,57,东汉建武中元,http://data.library.sh.cn/authority/temporal/e1aj1pmqdlhx31r6
东汉,东汉,永平,明帝,刘庄,58,75,东汉永平,http://data.library.sh.cn/authority/temporal/z8s6pvs3m67uy225
东汉,东汉,建初,章帝,刘炟,76,84,东汉建初,http://data.library.sh.cn/authority/temporal/eal933hknyargdov
东汉,东汉,元和,章帝,刘炟,84,87,东汉元和,http://data.library.sh.cn/authority/temporal/jk6sz1c4rwq46681
东汉,东汉,章和,章帝,刘炟,87,88,东汉章和,http://data.library.sh.cn/authority/temporal/yriovof8vl4vs2ra
东汉,东汉,永元,和帝,刘肇,89,105,东汉永元,http://data.library.sh.cn/authority/temporal/jufq85c8f9i8htfl
东汉,东汉,元兴,和帝,刘肇,105,105,东汉元兴,http://data.library.sh.cn/authority/temporal/hg4esek9whs583se
东汉,东汉,延平,殇帝,刘隆,106,106,东汉延平,http://data.library.sh.cn/authority/temporal/lymxqmb5htjeqgaa
东汉,东汉,永初,安帝,刘祜,107,113,东汉永初,http://data.library.sh.cn/authority/temporal/m3g5mw8dmmxizvmy
东汉,东汉,元初,安帝,刘祜,114,120,东汉元初,http://data.library.sh.cn/authority/temporal/y327ur9vlbyyvvy8
东汉,东汉,永宁,安帝,刘祜,120,121,东汉永宁,http://data.library.sh.cn/authority/temporal/8rvkaod8323x12b9
东汉,东汉,建光,安帝,刘祜,121,122,东汉建光,http://data.library.sh.cn/authority/temporal/q3gsqapzittbtpc1
东汉,东汉,延光,安帝,刘祜,122,125,东汉延光,http://data.library.sh.cn/authority/temporal/q2w9c3jr1hnupbbt
东汉,东汉,,少帝,刘懿,125,125,东汉,http://data.library.sh.cn/authority/temporal/s14e7glq62u3xwds
东汉,东汉,永建,顺帝,刘保,126,132,东汉永建,http://data.library.sh.cn/authority/temporal/h9yj335z1oteznb7
东汉,东汉,阳嘉,顺帝,刘保,132,135,东汉阳嘉,http://data.library.sh.cn/authority/temporal/xnq9d3jqlmbd6gug
东汉,东汉,永和,顺帝,刘保,136,141,东汉永和,http://data.library.sh.cn/authority/temporal/sssvxjxhmtknbymi
东汉,东汉,汉安,顺帝,刘保,142,144,东汉汉安,http://data.library.sh.cn/authority/temporal/roiqzdzhkoaqefgi
东汉,东汉,建康,顺帝,刘保,144,144,东汉建康,http://data.library.sh.cn/authority/temporal/ter4rksetozjnz92
东汉,东汉,永熹,冲帝,刘炳,145,145,东汉永熹,http://data.library.sh.cn/authority/temporal/r99evaoyvnyxd1ig
东汉,东汉,本初,质帝,刘缵,146,146,东汉本初,http://data.library.sh.cn/authority/temporal/4l3vtnx424q8tlr6
东汉,东汉,建和,桓帝,刘志,147,149,东汉建和,http://data.library.sh.cn/authority/temporal/ubpxfofgbbsvhf4s
东汉,东汉,和平,桓帝,刘志,150,150,东汉和平,http://data.library.sh.cn/authority/temporal/of1lh6dt6ifpfui3
东汉,东汉,元嘉,桓帝,刘志,151,153,东汉元嘉,http://data.library.sh.cn/authority/temporal/63pzgdjtk5y3eemx
东汉,东汉,永兴,桓帝,刘志,153,154,东汉永兴,http://data.library.sh.cn/authority/temporal/g6y5zkfcffwdgfjc
东汉,东汉,永寿,桓帝,刘志,155,158,东汉永寿,http://data.library.sh.cn/authority/temporal/jzkg1ti4cduxg77c
东汉,东汉,延熹,桓帝,刘志,158,167,东汉延熹,http://data.library.sh.cn/authority/temporal/ucxqw22r9rlqdrvg
东汉,东汉,永康,桓帝,刘志,167,167,东汉永康,http://data.library.sh.cn/authority/temporal/xitn3m4455ch7old
东汉,东汉,建宁,灵帝,刘宏,168,172,东汉建宁,http://data.library.sh.cn/authority/temporal/31evc3dckxhz5stl
东汉,东汉,熹平,灵帝,刘宏,172,178,东汉熹平,http://data.library.sh.cn/authority/temporal/8nsnanuuce1y39ev
东汉,东汉,光和,灵帝,刘宏,178,184,东汉光和,http://data.library.sh.cn/authority/temporal/4f9sf324pgytb1na
东汉,东汉,中平,灵帝,刘宏,184,189,东汉中平,http://data.library.sh.cn/authority/temporal/pjkmnj8bsey3fdmh
东汉,东汉,昭宁,少帝,刘辩,189,189,东汉昭宁,http://data.library.sh.cn/authority/temporal/jswab2u8hs58x3cj
东汉,东汉,光熹,少帝,刘辩,189,189,东汉光熹,http://data.library.sh.cn/authority/temporal/potpou9tyvscsxci
东汉,东汉,中平,献帝,刘协,190,190,东汉中平,http://data.library.sh.cn/authority/temporal/m3ddhrxgnvggjh4s
东汉,东汉,永汉,献帝,刘协,190,190,东汉永汉,http://data.library.sh.cn/authority/temporal/iinjqup2n2t1cbj5
东汉,东汉,初平,献帝,刘协,190,193,东汉初平,http://data.library.sh.cn/authority/temporal/2nbwjubbybl8i737
东汉,东汉,兴平,献帝,刘协,194,195,东汉兴平,http://data.library.sh.cn/authority/temporal/7uva5d64p8ygi6t5
东汉,东汉,建安,献帝,刘协,196,220,东汉建安,http://data.library.sh.cn/authority/temporal/lzc4y2b5ax7xsnxt
三国,三国,,,,220,280,三国,http://data.library.sh.cn/authority/temporal/itrusbdhm298q5ma
魏,魏,黄初,文帝,曹丕,220,226,魏黄初,http://data.library.sh.cn/authority/temporal/3hpz3j7lhoa9lo2s
东汉,东汉,延康,献帝,刘协,220,220,东汉延康,http://data.library.sh.cn/authority/temporal/elk4kx9r4hh9jbjs
蜀,蜀,章武,昭烈帝,刘备,221,223,蜀章武,http://data.library.sh.cn/authority/temporal/llyuoid3txxtpfwp
吴,吴,黄武,大帝,孙权,221,229,吴黄武,http://data.library.sh.cn/authority/temporal/g2l9j7kfmwgxz4mg
蜀,蜀,建兴,后主,刘禅,223,237,蜀建兴,http://data.library.sh.cn/authority/temporal/wuktvssycocu8fjn
魏,魏,太和,明帝,曹叡,227,233,魏太和,http://data.library.sh.cn/authority/temporal/ajmjadmihg756fng
吴,吴,黄龙,大帝,孙权,229,231,吴黄龙,http://data.library.sh.cn/authority/temporal/allcmev5fbjhyiy2
吴,吴,嘉禾,大帝,孙权,232,238,吴嘉禾,http://data.library.sh.cn/authority/temporal/j4y4bnynkpsmod36
魏,魏,青龙,明帝,曹叡,233,237,魏青龙,http://data.library.sh.cn/authority/temporal/17v5iwxkghruesi4
,,绍汉,,公孙渊,237,238,绍汉,http://data.library.sh.cn/authority/temporal/2lf53wanwotdwo7v
魏,魏,景初,明帝,曹叡,237,239,魏景初,http://data.library.sh.cn/authority/temporal/1vzod8qyrqsvkdnu
吴,吴,赤乌,大帝,孙权,238,251,吴赤乌,http://data.library.sh.cn/authority/temporal/3dksy1e3c41r8aei
蜀,蜀,延熙,后主,刘禅,238,257,蜀延熙,http://data.library.sh.cn/authority/temporal/o7zeyzpeiluw83x5
魏,魏,正始,齐王,曹芳,240,249,魏正始,http://data.library.sh.cn/authority/temporal/u9zfduvzay8dynrq
魏,魏,嘉平,齐王,曹芳,249,254,魏嘉平,http://data.library.sh.cn/authority/temporal/7p1z9zmfivj69ofi
吴,吴,太元,大帝,孙权,251,252,吴太元,http://data.library.sh.cn/authority/temporal/jr9sqm5uxzzeqkxg
吴,吴,神凤,大帝,孙权,252,253,吴神凤,http://data.library.sh.cn/authority/temporal/lyo4cogjz5ugb8z4
吴,吴,建兴,会稽王,孙亮,253,254,吴建兴,http://data.library.sh.cn/authority/temporal/uvt7oja3w43yxp13
魏,魏,正元,高贵乡公,曹髦,254,256,魏正元,http://data.library.sh.cn/authority/temporal/cx2ptalo1uinv96w
吴,吴,五凤,会稽王,孙亮,255,256,吴五凤,http://data.library.sh.cn/authority/temporal/h6c9xfwwy12ogt57
吴,吴,太平,会稽王,孙亮,256,258,吴太平,http://data.library.sh.cn/authority/temporal/mvie799e3o8u9a1t
魏,魏,甘露,高贵乡公,曹髦,256,260,魏甘露,http://data.library.sh.cn/authority/temporal/o1ivfu6yxd7bm6vz
吴,吴,永安,景帝,孙休,258,264,吴永安,http://data.library.sh.cn/authority/temporal/s9eqqybeqe3prn2b
蜀,蜀,景耀,后主,刘禅,258,263,蜀景耀,http://data.library.sh.cn/authority/temporal/3q48vmcp77qxmn8x
魏,魏,景元,元帝,曹奂,260,264,魏景元,http://data.library.sh.cn/authority/temporal/xatay5vxkgcvvgmd
蜀,蜀,炎兴,后主,刘禅,263,263,蜀炎兴,http://data.library.sh.cn/authority/temporal/vdd9pi5aikzzcycb
魏,魏,咸熙,元帝,曹奂,264,265,魏咸熙,http://data.library.sh.cn/authority/temporal/x6c9vvq9dovilqc8
吴,吴,元兴,末帝,孙皓,264,265,吴元兴,http://data.library.sh.cn/authority/temporal/yqtsrzmslys4tgfb
晋,晋,泰始,武帝,司马炎,265,274,晋泰始,http://data.library.sh.cn/authority/temporal/759swioojkr47dgu
吴,吴,甘露,末帝,孙皓,265,266,吴甘露,http://data.library.sh.cn/authority/temporal/sbds3qfwal9rprs7
吴,吴,宝鼎,末帝,孙皓,266,269,吴宝鼎,http://data.library.sh.cn/authority/temporal/loitp8mdyag3nnq1
吴,吴,建衡,末帝,孙皓,269,271,吴建衡,http://data.library.sh.cn/authority/temporal/xtq5p7j67uxk5zl4
吴,吴,凤凰,末帝,孙皓,272,274,吴凤凰,http://data.library.sh.cn/authority/temporal/sxuxkw1tj3z5x2eh
晋,晋,咸宁,武帝,司马炎,275,280,晋咸宁,http://data.library.sh.cn/authority/temporal/7fpfs8yvnbjnpssk
吴,吴,天册,末帝,孙皓,275,276,吴天册,http://data.library.sh.cn/authority/temporal/crwlsawe8lwszhlt
吴,吴,天玺,末帝,孙皓,276,276,吴天玺,http://data.library.sh.cn/authority/temporal/touo8kfomvtxc2ld
吴,吴,天纪,末帝,孙皓,277,280,吴天纪,http://data.library.sh.cn/authority/temporal/4c1bfwv44jpomjai
晋,晋,太康,武帝,司马炎,280,289,晋太康,http://data.library.sh.cn/authority/temporal/dhqeffghxbcfk7it
晋,晋,,,,281,420,晋,http://data.library.sh.cn/authority/temporal/e4q96sxq5sqpcio3
西晋,西晋,,,,281,316,西晋,http://data.library.sh.cn/authority/temporal/xn8xoiqi5tl3kcez
晋,晋,太熙,武帝,司马炎,290,290,晋太熙,http://data.library.sh.cn/authority/temporal/deeaa4z6p9ofqmh9
晋,晋,永熙,惠帝,司马衷,290,290,晋永熙,http://data.library.sh.cn/authority/temporal/6tb99ya9zw7v4f44
晋,晋,元康,惠帝,司马衷,291,299,晋元康,http://data.library.sh.cn/authority/temporal/gvcanqzw4df6vt96
晋,晋,永平,惠帝,司马衷,291,291,晋永平,http://data.library.sh.cn/authority/temporal/882tsrnyqeaqf8kl
,,太平,,赵廞,300,301,太平,http://data.library.sh.cn/authority/temporal/fndeuqjy6s4muptx
晋,晋,永康,惠帝,司马衷,300,301,晋永康,http://data.library.sh.cn/authority/temporal/duhjgiq3oge93xwq
,,建始,,司马伦,301,301,建始,http://data.library.sh.cn/authority/temporal/5hbecpo2dyi1kshz
晋,晋,永宁,惠帝,司马衷,301,302,晋永宁,http://data.library.sh.cn/authority/temporal/cykiu2il6yez449g
晋,晋,太安,惠帝,司马衷,302,303,晋太安,http://data.library.sh.cn/authority/temporal/33x53k6wjjn6wr4a
,,神凤,,刘尼,303,303,神凤,http://data.library.sh.cn/authority/temporal/xx8f4kd2a9c5neto
汉,汉,建初,,李流,303,303,成建初,http://data.library.sh.cn/authority/temporal/9dpkuske13155x1p
汉,汉,建初,,李雄,303,304,成建初,http://data.library.sh.cn/authority/temporal/p3pa7iwz6gu6avjc
汉,汉,建初,,李特,303,303,成建初,http://data.library.sh.cn/authority/temporal/l7nrukl9xheagqqc
汉,汉,元熙,,刘渊,304,308,汉元熙,http://data.library.sh.cn/authority/temporal/nim8jysvqhx76sl2
晋,晋,永安,惠帝,司马衷,304,305,晋永安,http://data.library.sh.cn/authority/temporal/qvax2ffj69wnlesp
汉,汉,建兴,,李雄,304,306,成建兴,http://data.library.sh.cn/authority/temporal/xb2939t9nzb9e88x
晋,晋,永兴,惠帝,司马衷,305,306,晋永兴,http://data.library.sh.cn/authority/temporal/ai1u5v1y8x8lde2a
晋,晋,建武,惠帝,司马衷,305,305,晋建武,http://data.library.sh.cn/authority/temporal/2n8poc112lr2vvpg
晋,晋,光熙,惠帝,司马衷,306,306,晋光熙,http://data.library.sh.cn/authority/temporal/71slyg7nwze6mx3e
汉,汉,晏平,,李雄,306,310,成晏平,http://data.library.sh.cn/authority/temporal/uiza4e999i3l77ck
晋,晋,永嘉,怀帝,司马炽,307,313,晋永嘉,http://data.library.sh.cn/authority/temporal/aagevrihgqfr1ef9
汉,汉,永凤,,刘渊,308,308,汉永凤,http://data.library.sh.cn/authority/temporal/1fcbe2zwhx7gh73v
汉,汉,河瑞,,刘渊,309,310,汉河瑞,http://data.library.sh.cn/authority/temporal/j4q42p1f5pv9fvjl
汉,汉,光兴,,刘聪,310,311,汉光兴,http://data.library.sh.cn/authority/temporal/wmtjwzvi6b3oz3g7
汉,汉,玉衡,,李雄,311,335,成玉衡,http://data.library.sh.cn/authority/temporal/y4c39xrxswqvx5ju
汉,汉,嘉平,,刘聪,311,315,汉嘉平,http://data.library.sh.cn/authority/temporal/pf2bgvp68gs5p5h1
晋,晋,建兴,愍帝,司马邺,313,316,晋建兴,http://data.library.sh.cn/authority/temporal/a13o1e75y5u5mb6d
汉,汉,建元,,刘聪,315,316,汉建元,http://data.library.sh.cn/authority/temporal/o53tkh3cn83dc3gy
汉,汉,麟嘉,,刘聪,316,318,汉麟嘉,http://data.library.sh.cn/authority/temporal/f9n7hrtg4w4ss4th
东晋,东晋,,,,317,420,东晋,http://data.library.sh.cn/authority/temporal/21lxcapqduaqmaif
东晋,东晋,建武,元帝,司马睿,317,318,东晋建武,http://data.library.sh.cn/authority/temporal/sorb1srfi8kq7e5t
前凉,前凉,建兴,,张寔,317,353,前凉建兴,http://data.library.sh.cn/authority/temporal/41ovxofa6fhtmk5w
汉,汉,光初,,刘曜,318,329,汉光初,http://data.library.sh.cn/authority/temporal/npg32tdmgckm8lhx
汉,汉,汉昌,,刘粲,318,318,汉汉昌,http://data.library.sh.cn/authority/temporal/i4ocarm154zvj85b
东晋,东晋,大兴,元帝,司马睿,318,322,东晋大兴,http://data.library.sh.cn/authority/temporal/x1cum2fq46fuhfit
,,建康,,司马保,319,320,建康,http://data.library.sh.cn/authority/temporal/n8canrklg1nc55az
后赵,后赵,,,石勒,319,328,后赵,http://data.library.sh.cn/authority/temporal/ex9s72e9j5snhp19
,,平赵,,句渠知,320,320,平赵,http://data.library.sh.cn/authority/temporal/lm8b89nyqvpzzyas
东晋,东晋,永昌,明帝,司马绍,322,323,东晋永昌,http://data.library.sh.cn/authority/temporal/qhohfgha7bvmaf6z
东晋,东晋,太宁,明帝,司马绍,323,326,东晋太宁,http://data.library.sh.cn/authority/temporal/ely7gzcezjov46mc
东晋,东晋,咸和,成帝,司马衍,326,334,东晋咸和,http://data.library.sh.cn/authority/temporal/iep9tgbt6luxvlls
后赵,后赵,太和,,石勒,328,330,后赵太和,http://data.library.sh.cn/authority/temporal/7kjm2lhqfbrnpscj
后赵,后赵,建平,,石勒,330,333,后赵建平,http://data.library.sh.cn/authority/temporal/efcmeqzh6wjvsds6
后赵,后赵,延熙,,石弘,334,334,后赵延熙,http://data.library.sh.cn/authority/temporal/1k9tsppv36rb4bwg
后赵,后赵,建武,,石虎,335,348,后赵建武,http://data.library.sh.cn/authority/temporal/ivoefdnybsytaqnn
东晋,东晋,咸康,成帝,司马衍,335,342,东晋咸康,http://data.library.sh.cn/authority/temporal/vvkplq2nnkszt31k
汉,汉,玉恒,,李期,336,338,成玉恒,http://data.library.sh.cn/authority/temporal/67phxfsamlxh2d1q
,,龙兴,,侯子光,337,337,龙兴,http://data.library.sh.cn/authority/temporal/gobmyxbus7oncd8b
前燕,前燕,,,慕容皝,337,348,前燕,http://data.library.sh.cn/authority/temporal/fslt6f9vytei4ekl
代,代,建国,,拓跋什翼犍,338,376,代建国,http://data.library.sh.cn/authority/temporal/6va2dmmi7bjw5sll
汉,汉,汉兴,,李寿,338,343,成汉兴,http://data.library.sh.cn/authority/temporal/tonhgohv4vgspyn7
汉,汉,汉兴,,李势,343,343,成汉兴,http://data.library.sh.cn/authority/temporal/rqz5r3bo8xoscwcl
东晋,东晋,建元,康帝,司马岳,343,344,东晋建元,http://data.library.sh.cn/authority/temporal/nrlegpr7vtxqeuux
汉,汉,太和,,李势,344,346,成太和,http://data.library.sh.cn/authority/temporal/rr5qkdlxaha84bkc
东晋,东晋,永和,穆帝,司马聃,345,356,东晋永和,http://data.library.sh.cn/authority/temporal/ap4i78hnrysil4il
汉,汉,嘉宁,,李势,346,347,成嘉宁,http://data.library.sh.cn/authority/temporal/pzog2toaxrwqld6l
前燕,前燕,,,慕容儁,349,352,前燕,http://data.library.sh.cn/authority/temporal/yz1w4ityh8r8idn1
后赵,后赵,太宁,,石虎,349,349,后赵太宁,http://data.library.sh.cn/authority/temporal/h1hgitvu3hzowe3p
前秦,前秦,,,苻洪,350,350,前秦,http://data.library.sh.cn/authority/temporal/fdpnx55jfwurxytj
后赵,后赵,永宁,,石祗,350,351,后赵永宁,http://data.library.sh.cn/authority/temporal/5e8hzsalzoujpfxw
后赵,后赵,青龙,,石世,350,350,后赵青龙,http://data.library.sh.cn/authority/temporal/bdka43e9wkkt8cu3
冉魏,冉魏,永兴,,冉闵,350,352,冉魏永兴,http://data.library.sh.cn/authority/temporal/khklitxc9ycsvoym
前秦,前秦,皇始,,苻健,351,355,前秦皇始,http://data.library.sh.cn/authority/temporal/7n1z6wft3dyhystb
前燕,前燕,元玺,,慕容儁,352,357,前燕元玺,http://data.library.sh.cn/authority/temporal/q9awzxh99vflun9r
前凉,前凉,和平,,张祚,354,355,前凉和平,http://data.library.sh.cn/authority/temporal/wec5mhw4n1gol7o3
前秦,前秦,寿光,,苻生,355,357,前秦寿光,http://data.library.sh.cn/authority/temporal/1ipgezofxoklvuve
前凉,前凉,建兴,,张玄靓,355,361,前凉建兴,http://data.library.sh.cn/authority/temporal/87vfg12xysympcmm
东晋,东晋,升平,穆帝,司马聃,357,361,东晋升平,http://data.library.sh.cn/authority/temporal/5agyc1dw9pbqhc8p
前燕,前燕,光寿,,慕容儁,357,359,前燕光寿,http://data.library.sh.cn/authority/temporal/x12txcyd2ngnchce
前秦,前秦,永兴,,苻坚,357,359,前秦永兴,http://data.library.sh.cn/authority/temporal/hatq6uj2ygq75yoj
前秦,前秦,甘露,,苻坚,359,364,前秦甘露,http://data.library.sh.cn/authority/temporal/awgbxcxxemeestkh
前燕,前燕,建熙,,慕容暐,360,370,前燕建熙,http://data.library.sh.cn/authority/temporal/aep58kxmhpekhiht
前凉,前凉,升平,,张玄靓,361,376,前凉升平,http://data.library.sh.cn/authority/temporal/uwl3fok7rcqrm79n
东晋,东晋,隆和,哀帝,司马丕,362,363,东晋隆和,http://data.library.sh.cn/authority/temporal/4a2882kizdby2udi
东晋,东晋,兴宁,哀帝,司马丕,363,365,东晋兴宁,http://data.library.sh.cn/authority/temporal/y1ytzb8euaiurt8c
前秦,前秦,建元,,苻坚,365,385,前秦建元,http://data.library.sh.cn/authority/temporal/thikwkqrr2t6hwap
东晋,东晋,太和,废帝,司马奕,366,371,东晋太和,http://data.library.sh.cn/authority/temporal/v4htuktvexdm3cg8
,,凤凰,,李弘,370,370,凤凰,http://data.library.sh.cn/authority/temporal/b15wc9dee8yfi5xq
东晋,东晋,咸安,简文帝,司马昱,371,372,东晋咸安,http://data.library.sh.cn/authority/temporal/6mll8w8vcrvwomwa
东晋,东晋,宁康,孝武帝,司马曜,373,375,东晋宁康,http://data.library.sh.cn/authority/temporal/87957bvxwyd96fpy
东晋,东晋,太元,孝武帝,司马曜,376,396,东晋太元,http://data.library.sh.cn/authority/temporal/o66peie5uq7orcmy
后秦,后秦,白雀,,姚苌,384,386,后秦白雀,http://data.library.sh.cn/authority/temporal/rerrvzs5i41ek322
后燕,后燕,燕元,,慕容垂,384,386,后燕燕元,http://data.library.sh.cn/authority/temporal/qpf6tvrdf3uigzid
西燕,西燕,燕兴,,慕容泓,384,384,西燕燕兴,http://data.library.sh.cn/authority/temporal/6ppukrc66giizztl
前秦,前秦,太安,,苻丕,385,386,前秦太安,http://data.library.sh.cn/authority/temporal/4rg9wy76h8h1yusu
西燕,西燕,更始,,慕容冲,385,386,西燕更始,http://data.library.sh.cn/authority/temporal/s9u6klxxh8qwmj4j
西秦,西秦,建义,,乞伏国仁,385,388,西秦建义,http://data.library.sh.cn/authority/temporal/nyua2pdcu3e8rfr1
前秦,前秦,太初,,苻登,386,394,前秦太初,http://data.library.sh.cn/authority/temporal/fapicjla6u3xcc51
后凉,后凉,大安,,吕光,386,389,后凉太安,http://data.library.sh.cn/authority/temporal/31r8d7pv7cszdi1i
后燕,后燕,建兴,,慕容垂,386,396,后燕建兴,http://data.library.sh.cn/authority/temporal/hk99dqy2dyscqksi
西燕,西燕,昌平,,段随,386,387,西燕昌平,http://data.library.sh.cn/authority/temporal/gzoces1o85of1d1x
后秦,后秦,建初,,姚苌,386,394,后秦建初,http://data.library.sh.cn/authority/temporal/31h1cdydu53bwx5k
西燕,西燕,建明,,慕容顗,387,388,西燕建明,http://data.library.sh.cn/authority/temporal/g646cintnmwm3bir
北魏,北魏,登国,道武帝,拓跋珪,387,396,北魏登国,http://data.library.sh.cn/authority/temporal/qrrpo6xemfzxb9ej
西燕,西燕,建平,,慕容瑶,388,389,西燕建平,http://data.library.sh.cn/authority/temporal/cdlwuqvsqked4jpu
西秦,西秦,太初,,乞伏乾归,388,400,西秦太初,http://data.library.sh.cn/authority/temporal/yfyzylbhgrs6hsfd
西燕,西燕,建武,,慕容忠,389,390,西燕建武,http://data.library.sh.cn/authority/temporal/1sxouuabt2qppmr1
后凉,后凉,麟嘉,,吕光,389,396,后凉麟嘉,http://data.library.sh.cn/authority/temporal/43pkuu1eols7y8mw
西燕,西燕,中兴,,慕容永,390,394,西燕中兴,http://data.library.sh.cn/authority/temporal/touwlrjjfunlueh7
后秦,后秦,皇初,,姚兴,394,399,后秦皇初,http://data.library.sh.cn/authority/temporal/hulshx5nizy7d4x1
前秦,前秦,延初,,苻崇,394,394,前秦延初,http://data.library.sh.cn/authority/temporal/i7dxrek7j32mwfo4
后燕,后燕,永康,,慕容宝,396,398,后燕永康,http://data.library.sh.cn/authority/temporal/om9zbpqfgkunlfj9
北魏,北魏,皇始,道武帝,拓跋珪,396,398,北魏皇始,http://data.library.sh.cn/authority/temporal/sag5ex1iu947hbk2
北凉,北凉,神玺,,段业,396,398,北凉神玺,http://data.library.sh.cn/authority/temporal/44wrd9wm6krxbbxn
后凉,后凉,龙飞,,吕光,396,399,后凉龙飞,http://data.library.sh.cn/authority/temporal/x8751ofsp62kjtqt
南燕,南燕,建始,,慕容详,397,397,南燕建始,http://data.library.sh.cn/authority/temporal/mu99yrt998orijpj
南燕,南燕,延平,,慕容麟,397,397,南燕延平,http://data.library.sh.cn/authority/temporal/dzdc7jnin1l6ldeu
东晋,东晋,隆安,安帝,司马德宗,397,401,东晋隆安,http://data.library.sh.cn/authority/temporal/9miy4r4uvjbhtfhj
南凉,南凉,太初,,秃髮乌孤,397,399,南凉太初,http://data.library.sh.cn/authority/temporal/9xfzdakwn1wzfhlm
,,青龙,,兰汗,398,398,青龙,http://data.library.sh.cn/authority/temporal/vog75aljxox6o376
南燕,南燕,,,慕容德,398,399,南燕,http://data.library.sh.cn/authority/temporal/zr3yp5qd449ijm98
北凉,北凉,天玺,,段业,398,401,北凉天玺,http://data.library.sh.cn/authority/temporal/mwgndj4agyqwwqm4
北魏,北魏,天兴,道武帝,拓跋珪,398,404,北魏天兴,http://data.library.sh.cn/authority/temporal/qwovk371faum9xt7
后燕,后燕,建平,,慕容盛,398,398,后燕建平,http://data.library.sh.cn/authority/temporal/2opw3gpi11has2o8
后燕,后燕,长乐,,慕容盛,399,401,后燕长乐,http://data.library.sh.cn/authority/temporal/x9sx3q3jjdmxt7qt
后凉,后凉,承康,,吕绍,399,400,后凉承康,http://data.library.sh.cn/authority/temporal/rvnhm49lwomhvqxd
后秦,后秦,弘始,,姚兴,399,416,后秦弘始,http://data.library.sh.cn/authority/temporal/srt3vkxgu4rx1k8w
南燕,南燕,建平,,慕容德,400,405,南燕建平,http://data.library.sh.cn/authority/temporal/2madv7bf2uknxwoo
西凉,西凉,庚子,,李暠,400,404,西凉庚子,http://data.library.sh.cn/authority/temporal/ey21t7scwmyf95tq
南凉,南凉,建和,,秃髮利鹿孤,400,402,南凉建和,http://data.library.sh.cn/authority/temporal/jq5yzepxqzsagemm
,,永始,,桓玄,401,404,永始,http://data.library.sh.cn/authority/temporal/burbklxi1u6a8en8
后凉,后凉,咸宁,,吕纂,401,401,后凉咸宁,http://data.library.sh.cn/authority/temporal/5gufxjdt2xom753h
北凉,北凉,永安,,沮渠蒙逊,401,412,北凉永安,http://data.library.sh.cn/authority/temporal/d7x2uy6zcyhqpoks
后凉,后凉,神鼎,,吕隆,401,403,后凉神鼎,http://data.library.sh.cn/authority/temporal/i524uohjcxlqb3qv
后燕,后燕,光始,,慕容熙,401,407,后燕光始,http://data.library.sh.cn/authority/temporal/aqdpqzm9d9zelta7
南凉,南凉,弘昌,,秃髮傉檀,402,404,南凉弘昌,http://data.library.sh.cn/authority/temporal/3ho22mhpth8w8uy4
东晋,东晋,元兴,安帝,司马德宗,402,404,东晋元兴,http://data.library.sh.cn/authority/temporal/7qoibz4hyub5xosg
东晋,东晋,大亨,安帝,司马德宗,403,403,东晋大亨,http://data.library.sh.cn/authority/temporal/jxbm2w59uwzfejjd
北魏,北魏,天赐,道武帝,拓跋珪,404,410,北魏天赐,http://data.library.sh.cn/authority/temporal/elloygibp3846umw
南燕,南燕,太上,,慕容超,405,410,南燕太上,http://data.library.sh.cn/authority/temporal/6pb7b8vs4gfvc1h6
东晋,东晋,义熙,安帝,司马德宗,405,418,东晋义熙,http://data.library.sh.cn/authority/temporal/hmocr5kdvyc1zxkt
西凉,西凉,建初,,李暠,405,417,西凉建初,http://data.library.sh.cn/authority/temporal/azpdlaoy7sx5vbcw
,,圣明,,陈瞻,406,406,圣明,http://data.library.sh.cn/authority/temporal/bu5jp3qxdisrb4r6
胡夏,胡夏,龙昇,,赫连勃勃,407,413,胡夏龙昇,http://data.library.sh.cn/authority/temporal/i7pdzuwk392ajhtb
后燕,后燕,建始,,慕容熙,407,408,后燕建始,http://data.library.sh.cn/authority/temporal/xom1goesh7gr9pik
西秦,西秦,更始,,乞伏乾归,407,412,西秦更始,http://data.library.sh.cn/authority/temporal/bqt38rprt9zeq612
南凉,南凉,嘉平,,秃髮傉檀,407,415,南凉嘉平,http://data.library.sh.cn/authority/temporal/i5rgzmo9duxubt92
北燕,北燕,正始,,高雲,408,410,北燕正始,http://data.library.sh.cn/authority/temporal/voqzksxpe2jvpcb5
北魏,北魏,永兴,明元帝,拓跋嗣,410,413,北魏永兴,http://data.library.sh.cn/authority/temporal/l8zobg6x2zgm4533
北燕,北燕,太平,,冯跋,410,420,北燕太平,http://data.library.sh.cn/authority/temporal/e8qk1nbugeisk22d
西秦,西秦,永康,,乞伏炽磐,412,419,西秦永康,http://data.library.sh.cn/authority/temporal/q9uyn9e7jmwt2wnf
北凉,北凉,玄始,,沮渠蒙逊,412,428,北凉玄始,http://data.library.sh.cn/authority/temporal/5psm1qtb2nz51g4e
胡夏,胡夏,凤翔,,赫连勃勃,413,418,胡夏凤翔,http://data.library.sh.cn/authority/temporal/aqvtsbdajcpjsi9g
北魏,北魏,神瑞,明元帝,拓跋嗣,414,416,北魏神瑞,http://data.library.sh.cn/authority/temporal/e1hoktj7tae9mbhx
南凉,南凉,建平,,刘虎,415,416,南凉建平,http://data.library.sh.cn/authority/temporal/t5izdjm3kvej6e55
北魏,北魏,泰常,明元帝,拓跋嗣,416,420,北魏泰常,http://data.library.sh.cn/authority/temporal/89ncmrrtjfzjwzpm
后秦,后秦,永和,,姚泓,416,417,后秦永和,http://data.library.sh.cn/authority/temporal/jlxv84gnjjmmlkym
西凉,西凉,嘉兴,,李歆,417,420,西凉嘉兴,http://data.library.sh.cn/authority/temporal/x6qqzyhft5c5d6hy
胡夏,胡夏,昌武,,赫连勃勃,418,419,胡夏昌武,http://data.library.sh.cn/authority/temporal/kpmfpikv61fjgd3i
东晋,东晋,元熙,恭帝,司马德文,419,420,东晋元熙,http://data.library.sh.cn/authority/temporal/btouqplmphfzg46v
胡夏,胡夏,真兴,,赫连勃勃,419,420,胡夏真兴,http://data.library.sh.cn/authority/temporal/llccf1uamsi8km69
南北朝,南北朝,,,,420,589,南北朝,http://data.library.sh.cn/authority/temporal/5i5tfgls2eofno3s
北燕,北燕,永康,,乞伏炽磐,420,430,北燕永康,http://data.library.sh.cn/authority/temporal/7zrqfugejdhxw2be
北魏,北魏,泰常,,NON,420,423,北魏泰常,http://data.library.sh.cn/authority/temporal/zix3rpq6ss4fzbz5
西秦,西秦,建弘,,乞伏炽磐,420,420,西秦建弘,http://data.library.sh.cn/authority/temporal/443i7njox2adyvmh
西秦,西秦,凤翔,,龙昇,420,428,西秦凤翔,http://data.library.sh.cn/authority/temporal/v4gmhbejyqmnw4q1
西凉,西凉,永建,,李恂,420,421,西凉永建,http://data.library.sh.cn/authority/temporal/4hsdazocx3odvpqf
南朝宋,南朝宋,永初,武帝,刘裕,420,422,南朝宋永初,http://data.library.sh.cn/authority/temporal/2xss4el8viwbpcy4
夏(刘虎),夏,建平,,刘虎,421,428,夏建平,http://data.library.sh.cn/authority/temporal/izq73mev4g3ajor2
,,永和,,姚泓,422,426,永和,http://data.library.sh.cn/authority/temporal/1lj748c48wkjir36
南朝宋,南朝宋,景平,少帝,刘义符,423,424,南朝宋景平,http://data.library.sh.cn/authority/temporal/gnco7u6il7wmxef5
北魏,北魏,始光,太武帝,拓跋焘,424,428,北魏始光,http://data.library.sh.cn/authority/temporal/he8qzmgecdz4uv43
南朝宋,南朝宋,元嘉,文帝,刘义隆,424,453,南朝宋元嘉,http://data.library.sh.cn/authority/temporal/jhrtf9kfdxa7j97c
北凉,北凉,承玄,,沮渠蒙逊,428,431,北凉承玄,http://data.library.sh.cn/authority/temporal/nxuqkrtrgl71y2cc
胡夏,胡夏,胜光,,赫连定,428,431,胡夏胜光,http://data.library.sh.cn/authority/temporal/y8m25t6dis5wp1mb
西秦,西秦,永弘,,乞伏暮末,428,431,西秦永弘,http://data.library.sh.cn/authority/temporal/lztlkfnx5lhl6ui8
北魏,北魏,神麚,太武帝,拓跋焘,428,431,北魏神麚,http://data.library.sh.cn/authority/temporal/2qp68on88us2xz2o
北燕,北燕,冯弘,,乞伏炽磐,430,430,北燕冯弘,http://data.library.sh.cn/authority/temporal/9bkoaaxjwtyomykt
西秦,西秦,真兴,,乞伏暮末,431,431,西秦真兴,http://data.library.sh.cn/authority/temporal/fztdx37xm914ader
北凉,北凉,义和,,沮渠蒙逊,431,433,北凉义和,http://data.library.sh.cn/authority/temporal/tf5696y1lqpkfs9z
西秦,西秦,昌武,,乞伏暮末,431,431,西秦昌武,http://data.library.sh.cn/authority/temporal/hktmmulk9oaq2423
北燕,北燕,建弘,,乞伏炽磐,431,436,北燕建弘,http://data.library.sh.cn/authority/temporal/ysh28iuu62mtl6x4
,,泰始,,程道养,432,437,泰始,http://data.library.sh.cn/authority/temporal/xx88vihczog4bvfx
北魏,北魏,延和,太武帝,拓跋焘,432,434,北魏延和,http://data.library.sh.cn/authority/temporal/etarx5tv2mrcbx9e
北凉,北凉,承和,,沮渠牧犍,434,440,北凉永和,http://data.library.sh.cn/authority/temporal/kjbdc1af1an2x71w
北魏,北魏,太延,太武帝,拓跋焘,435,440,北魏太延,http://data.library.sh.cn/authority/temporal/34yp642vl3jivzim
,,建义,,杨难当,436,442,建义,http://data.library.sh.cn/authority/temporal/m4yc5ifqe5b4rmyu
北魏,北魏,太平真君,太武帝,拓跋焘,440,451,北魏太平真君,http://data.library.sh.cn/authority/temporal/oln32dsq9mtme7z9
北凉,北凉,承平,,沮渠无讳,441,460,北凉承平,http://data.library.sh.cn/authority/temporal/b8ysvimbrqy5q6pl
北魏,北魏,正平,太武帝,拓跋焘,451,452,北魏正平,http://data.library.sh.cn/authority/temporal/acukmb8b7c1i76dm
北魏,北魏,承平,南安王,拓跋余,452,453,北魏承平,http://data.library.sh.cn/authority/temporal/ewic2so6sellt3cc
,,太初,,刘劭,453,453,太初,http://data.library.sh.cn/authority/temporal/abw7yaalchdudkbp
北魏,北魏,兴安,文成帝,拓跋濬,453,455,北魏兴安,http://data.library.sh.cn/authority/temporal/twojj3tky2uf8lym
南朝宋,南朝宋,孝建,孝武帝,刘骏,454,456,南朝宋孝建,http://data.library.sh.cn/authority/temporal/xatg9m2vyz8tddd1
北魏,北魏,兴光,文成帝,拓跋濬,455,459,北魏兴光,http://data.library.sh.cn/authority/temporal/sy46oikhc5p7nf31
北魏,北魏,太安,文成帝,拓跋濬,455,455,北魏太安,http://data.library.sh.cn/authority/temporal/gyewqnado4ekjy9n
南朝宋,南朝宋,大明,孝武帝,刘骏,457,464,南朝宋大明,http://data.library.sh.cn/authority/temporal/4yzlpaqguntedth3
北魏,北魏,和平,文成帝,拓跋濬,460,465,北魏和平,http://data.library.sh.cn/authority/temporal/4pm5rzpvcyrvshoq
柔然,柔然,永康,,受罗部真可汗,464,484,柔然永康,http://data.library.sh.cn/authority/temporal/69s8uks2dbmpmars
南朝宋,南朝宋,泰始,明帝,刘彧,465,471,南朝宋泰始,http://data.library.sh.cn/authority/temporal/ghv8uzn43p3l535n
南朝宋,南朝宋,永光,前废帝,刘子业,465,465,南朝宋永光,http://data.library.sh.cn/authority/temporal/52cuuvfk24chtq5a
南朝宋,南朝宋,景和,前废帝,刘子业,465,465,南朝宋景和,http://data.library.sh.cn/authority/temporal/15a8jrfhphayrp63
北魏,北魏,天安,献文帝,拓跋弘,466,467,北魏天安,http://data.library.sh.cn/authority/temporal/hvmtyds3caqqvddu
北魏,北魏,皇兴,献文帝,拓跋弘,467,471,北魏皇兴,http://data.library.sh.cn/authority/temporal/7d8sbfgjum1ndt4t
北魏,北魏,延兴,孝文帝,元宏,471,476,北魏延兴,http://data.library.sh.cn/authority/temporal/1d8tsxi4wnjinai9
南朝宋,南朝宋,泰豫,明帝,刘彧,472,472,南朝宋泰豫,http://data.library.sh.cn/authority/temporal/l6eun36qjsx22ehp
南朝宋,南朝宋,元徽,后废帝,刘昱,473,477,南朝宋元徽,http://data.library.sh.cn/authority/temporal/7za2lwuevdgxgur1
北魏,北魏,承明,孝文帝,元宏,476,476,北魏承明,http://data.library.sh.cn/authority/temporal/bnvgnsh8buss4zya
北魏,北魏,太和,孝文帝,元宏,477,499,北魏太和,http://data.library.sh.cn/authority/temporal/savsaojwo5g1p6io
南朝宋,南朝宋,昇明,顺帝,刘準,477,479,南朝宋昇明,http://data.library.sh.cn/authority/temporal/5zx95yp5b45bpfay
南齐,南齐,建元,高帝,萧道成,480,482,南齐建元,http://data.library.sh.cn/authority/temporal/8y3kyrwvdxuq8pgf
南齐,南齐,永明,武帝,萧赜,483,493,南齐永明,http://data.library.sh.cn/authority/temporal/chw9xq7jkkqcnu15
,,兴平,,唐寓之,485,486,兴平,http://data.library.sh.cn/authority/temporal/xi7lk9p6blicj3b5
柔然,柔然,太平,,伏名敦可汗,485,491,柔然太平,http://data.library.sh.cn/authority/temporal/wtrghq8ls4rrvab6
柔然,柔然,太安,,候其伏代库者可汗,492,505,柔然太安,http://data.library.sh.cn/authority/temporal/1eq8ib28atkyt4k8
南齐,南齐,隆昌,鬱林王,萧昭业,494,495,南齐隆昌,http://data.library.sh.cn/authority/temporal/5ebpipuynsd61v2l
南齐,南齐,延兴,海陵王,萧昭文,495,495,南齐延兴,http://data.library.sh.cn/authority/temporal/5s2qzj1e6qphrp4r
南齐,南齐,建武,明帝,萧鸾,495,498,南齐建武,http://data.library.sh.cn/authority/temporal/wfpq126t2ybu3mbv
南齐,南齐,永泰,东昏侯,萧宝卷,498,498,南齐永泰,http://data.library.sh.cn/authority/temporal/zj385ksioq6zf52v
南齐,南齐,永元,东昏侯,萧宝卷,499,501,南齐永元,http://data.library.sh.cn/authority/temporal/dzktbpvwbmv4i3dy
,,建义,,雍道晞,500,500,建义,http://data.library.sh.cn/authority/temporal/hksh4q64lnhdzotx
北魏,北魏,景明,宣武帝,元恪,500,503,北魏景明,http://data.library.sh.cn/authority/temporal/cxpmkpq7xsk92szt
南齐,南齐,中兴,和帝,萧宝融,501,502,南齐中兴,http://data.library.sh.cn/authority/temporal/neshqw3l83i5bqso
梁,梁,天监,武帝,萧衍,503,519,梁天监,http://data.library.sh.cn/authority/temporal/bf195i3lq1i8hpqm
北魏,北魏,正始,宣武帝,元恪,504,508,北魏正始,http://data.library.sh.cn/authority/temporal/g9vmk1xzwcwp61nq
,,建明,,吕苟儿,506,506,建明,http://data.library.sh.cn/authority/temporal/ctfeo8ltas5fsgmt
柔然,柔然,始平,,佗汗可汗,506,507,柔然始平,http://data.library.sh.cn/authority/temporal/u59nykt3lyta2zp9
柔然,柔然,建昌,,豆罗伏跋豆伐可汗,508,520,柔然建昌,http://data.library.sh.cn/authority/temporal/8sx6md9iq27jqr4c
北魏,北魏,永平,宣武帝,元恪,508,512,北魏永平,http://data.library.sh.cn/authority/temporal/nnlx3ab5wjg5nt4z
北魏,北魏,延昌,宣武帝,元恪,512,515,北魏延昌,http://data.library.sh.cn/authority/temporal/cjgzypd7x754n4g8
北魏,北魏,熙平,孝明帝,元诩,516,518,北魏熙平,http://data.library.sh.cn/authority/temporal/bm97wl47ik9ocew2
北魏,北魏,神龟,孝明帝,元诩,518,520,北魏神龟,http://data.library.sh.cn/authority/temporal/gc66rmk7e5p8m5hz
梁,梁,普通,武帝,萧衍,520,527,梁普通,http://data.library.sh.cn/authority/temporal/wb3h3c7v48f1t1hg
北魏,北魏,正光,孝明帝,元诩,520,525,北魏正光,http://data.library.sh.cn/authority/temporal/isbc4jw1y6g8rxpj
,,真王,,破六韩拔陵,523,525,真王,http://data.library.sh.cn/authority/temporal/j3adgs718r86ik44
,,天建,,莫折念生,524,527,天建,http://data.library.sh.cn/authority/temporal/xlzyxhvammbcrigr
,,真王,,杜洛周,525,528,真王,http://data.library.sh.cn/authority/temporal/sho27w2rmny31e2q
,,神嘉,,刘蠡升,525,535,神嘉,http://data.library.sh.cn/authority/temporal/yv4dvcga1czq2gjm
北魏,北魏,孝昌,孝明帝,元诩,525,527,北魏孝昌,http://data.library.sh.cn/authority/temporal/vegv662mifiotg1z
,,广安,,葛荣,526,528,广安,http://data.library.sh.cn/authority/temporal/ioz7ymt44hjv21yx
,,鲁兴,,鲜于修礼,526,526,鲁兴,http://data.library.sh.cn/authority/temporal/dhhe95v8l4ozxe2m
,,隆绪,,萧宝寅,527,528,隆绪,http://data.library.sh.cn/authority/temporal/yiifcof65iv19t6h
梁,梁,大通,武帝,萧衍,527,529,梁大通,http://data.library.sh.cn/authority/temporal/fq7f9epifcro1msh
,,天统,,邢杲,528,529,天统,http://data.library.sh.cn/authority/temporal/ac1llylnumapkzeo
,,神兽,,万俟醜奴,528,530,神兽,http://data.library.sh.cn/authority/temporal/ocxugvq75dmfmp59
北魏,北魏,武泰,孝明帝,元诩,528,530,北魏武泰,http://data.library.sh.cn/authority/temporal/cb28gp81iupq74zw
,,孝基,,元颢,529,529,孝基,http://data.library.sh.cn/authority/temporal/2o3gtqmge22gyyrq
,,建武,,元颢,529,529,建武,http://data.library.sh.cn/authority/temporal/fn7349rgg9i8og9s
梁,梁,中大通,武帝,萧衍,529,534,梁中大通,http://data.library.sh.cn/authority/temporal/6oqqry3jv5cenu6b
,,,,高昌,530,530,,http://data.library.sh.cn/authority/temporal/pptpov5smktwp1ub
北魏,北魏,建义,孝庄帝,元子攸,530,530,北魏建义,http://data.library.sh.cn/authority/temporal/4hi1lne9o9593s5t
北魏,北魏,建明,长广王,元晔,530,531,北魏建明,http://data.library.sh.cn/authority/temporal/2xjouxridu8admxk
北魏,北魏,永安,孝庄帝,元子攸,530,530,北魏永安,http://data.library.sh.cn/authority/temporal/9961vy5q73kkqgi2
,,章和,,麴坚,531,548,章和,http://data.library.sh.cn/authority/temporal/yslxj5gr6kx2tcaj
北魏,北魏,普泰,节闵帝,元恭,531,532,北魏普泰,http://data.library.sh.cn/authority/temporal/uos2m24bv4usvsut
北魏,北魏,中兴,安定王,元朗,532,532,北魏中兴,http://data.library.sh.cn/authority/temporal/6ausf72kyuz6q2ps
北魏,北魏,太昌,孝武帝,元修,532,532,北魏太昌,http://data.library.sh.cn/authority/temporal/xqiae42z63d8vapa
北魏,北魏,永兴,安定王,元朗,533,533,北魏永兴,http://data.library.sh.cn/authority/temporal/q5mxn92fxbmy2uri
北魏,北魏,永熙,安定王,元朗,533,534,北魏永熙,http://data.library.sh.cn/authority/temporal/os2otx6sitda362u
东魏,东魏,天平,孝静帝,元善见,534,537,东魏天平,http://data.library.sh.cn/authority/temporal/m5kjmcy7mvyczv24
,,上愿,,鲜于琛,535,535,上愿,http://data.library.sh.cn/authority/temporal/3kc9jwuqowrlbgwe
梁,梁,大同,武帝,萧衍,535,546,梁大同,http://data.library.sh.cn/authority/temporal/i5c7tj45iiaueojs
西魏,西魏,大统,文帝,元宝炬,535,551,西魏大统,http://data.library.sh.cn/authority/temporal/738hpdq68vcwmv51
东魏,东魏,元象,孝静帝,元善见,538,539,东魏元象,http://data.library.sh.cn/authority/temporal/l6p4bsq5eui45fft
东魏,东魏,兴和,孝静帝,元善见,539,542,东魏兴和,http://data.library.sh.cn/authority/temporal/1ya17mgvuie55h4y
,,永汉,,刘敬躬,542,542,永汉,http://data.library.sh.cn/authority/temporal/r97ihouinavo3t2m
东魏,东魏,武定,孝静帝,元善见,543,550,东魏武定,http://data.library.sh.cn/authority/temporal/skwwcpfvi9dd4bgx
梁,梁,中大同,武帝,萧衍,546,547,梁中大同,http://data.library.sh.cn/authority/temporal/2tyi2qcjftdcvt37
梁,梁,太清,武帝,萧衍,547,549,梁太清,http://data.library.sh.cn/authority/temporal/2spys97m2mohdqir
,,正平,,萧正德,548,549,正平,http://data.library.sh.cn/authority/temporal/38id2fplfekva7e1
,,永平,,麴玄喜,549,550,永平,http://data.library.sh.cn/authority/temporal/bflucq9hdzaneurh
梁,梁,大宝,简文帝,萧纲,550,550,梁大宝,http://data.library.sh.cn/authority/temporal/fl7uo5xuecm2fyvp
,,太始,,侯景,551,552,太始,http://data.library.sh.cn/authority/temporal/hgm9jzzjwrsn9c98
,,和平,,麴□,551,554,和平,http://data.library.sh.cn/authority/temporal/rothvfeetyjldc5p
梁,梁,天正,豫章王,萧栋,551,553,梁天正,http://data.library.sh.cn/authority/temporal/98tnhht2qrixcete
北齐,北齐,天保,文宣帝,高洋,551,559,北齐天保,http://data.library.sh.cn/authority/temporal/j8fvqsnog8tp2fc3
梁,梁,承圣,元帝,萧绎,552,555,梁承圣,http://data.library.sh.cn/authority/temporal/n9u3rdpli664wlvt
西魏,西魏,元钦,废帝,NON,552,553,西魏元钦,http://data.library.sh.cn/authority/temporal/bc3qszaknsjenjny
西魏,西魏,,恭帝,拓跋廓,554,556,西魏,http://data.library.sh.cn/authority/temporal/qfltm9pik6417l4p
梁,梁,天正,元帝,萧绎,554,554,梁天正,http://data.library.sh.cn/authority/temporal/s48w819s76i1dgqk
梁,梁,绍泰,敬帝,萧方智,555,556,梁绍泰,http://data.library.sh.cn/authority/temporal/28q21ghtze1ef4ct
梁,梁,天成,贞阳侯,萧渊明,555,555,梁天成,http://data.library.sh.cn/authority/temporal/gy8l58cnvon7ipze
高昌,高昌,建昌,,麴宝茂,555,560,高昌建昌,http://data.library.sh.cn/authority/temporal/bm4jfr7fd1kiagl7
后梁,后梁,大定,宣帝,萧詧,555,562,后梁大定,http://data.library.sh.cn/authority/temporal/1jnm8o5chh47dkxj
梁,梁,太平,敬帝,萧方智,556,557,梁太平,http://data.library.sh.cn/authority/temporal/7e3zow6qrduqza1v
北周,北周,,孝闵帝,宇文觉,557,558,北周,http://data.library.sh.cn/authority/temporal/lervhlfwb2z2qn6d
北周,北周,,明帝,宇文毓,558,560,北周,http://data.library.sh.cn/authority/temporal/3bgxwceaiio37zpn
陈,陈,永定,武帝,陈霸先,558,560,陈永定,http://data.library.sh.cn/authority/temporal/mxdzbys2i6cqofq4
陈,陈,天嘉,文帝,陈蒨,560,566,陈天嘉,http://data.library.sh.cn/authority/temporal/hiw7ypcrq2n38v1u
北周,北周,武成,明帝,宇文毓,560,560,北周武成,http://data.library.sh.cn/authority/temporal/lzonxl4bklv55ntc
北齐,北齐,皇建,孝昭帝,高演,560,561,北齐皇建,http://data.library.sh.cn/authority/temporal/ch4fgxcu7sj5st2r
北齐,北齐,乾明,废帝,高殷,560,560,北齐乾明,http://data.library.sh.cn/authority/temporal/98mi65qdzg8j7btc
北周,北周,保定,武帝,宇文邕,561,565,北周保定,http://data.library.sh.cn/authority/temporal/sc7wp1b7if2jrgcu
北齐,北齐,太宁,武成帝,高湛,561,562,北齐大宁,http://data.library.sh.cn/authority/temporal/lu7aepjf7raprh8u
高昌,高昌,延昌,,麴乾固,561,601,高昌延昌,http://data.library.sh.cn/authority/temporal/dbvlcnjnf2w148ip
后梁,后梁,天保,明帝,萧岿,562,585,后梁天保,http://data.library.sh.cn/authority/temporal/knk5ma41orsmupev
北齐,北齐,河清,武成帝,高湛,562,565,北齐河清,http://data.library.sh.cn/authority/temporal/pox62snnep4y5tsm
北齐,北齐,天统,后主,高纬,565,569,北齐天统,http://data.library.sh.cn/authority/temporal/xutcww74pgau28fr
陈,陈,天康,文帝,陈蒨,566,566,陈天康,http://data.library.sh.cn/authority/temporal/ij81rtjs3lzbtt6y
北周,北周,天和,武帝,宇文邕,566,572,北周天和,http://data.library.sh.cn/authority/temporal/1a2vfo71739pnyhe
陈,陈,光大,废帝,陈伯宗,567,568,陈光大,http://data.library.sh.cn/authority/temporal/f31p4znozjo5bxtw
陈,陈,太建,宣帝,陈顼,569,582,陈太建,http://data.library.sh.cn/authority/temporal/nwi29bh1pc81gobn
北齐,北齐,武平,后主,高纬,570,576,北齐武平,http://data.library.sh.cn/authority/temporal/hpf8bpda868tp5qd
北周,北周,建德,武帝,宇文邕,572,578,北周建德,http://data.library.sh.cn/authority/temporal/1843d7oqqlvuker5
北齐,北齐,隆化,后主,高纬,576,577,北齐隆化,http://data.library.sh.cn/authority/temporal/oy3rem69qpftjeab
北齐,北齐,承光,幼主,高恒,577,577,北齐承光,http://data.library.sh.cn/authority/temporal/glvpbcmcui3yfien
北周,北周,宣政,宣帝,宇文赟,578,578,北周宣政,http://data.library.sh.cn/authority/temporal/28m71xdsg6t142m1
北周,北周,大成,宣帝,宇文赟,579,580,北周大成,http://data.library.sh.cn/authority/temporal/79d5kpgk9ovmeevq
北周,北周,大象,静帝,宇文阐,580,581,北周大象,http://data.library.sh.cn/authority/temporal/g2lvd1zjxxbrtdqa
北周,北周,大定,静帝,宇文阐,581,581,北周大定,http://data.library.sh.cn/authority/temporal/ipxw3qiit3ml6vsv
隋,隋,开皇,文帝,杨坚,582,600,隋开皇,http://data.library.sh.cn/authority/temporal/ylyobpybbk442ev6
陈,陈,至德,后主,陈叔宝,583,586,陈至德,http://data.library.sh.cn/authority/temporal/w8qj19cnomsor8ii
后梁,后梁,广运,,萧琮,586,587,后梁广运,http://data.library.sh.cn/authority/temporal/z5s8a31mj6h1gnj9
陈,陈,祯明,后主,陈叔宝,587,589,陈祯明,http://data.library.sh.cn/authority/temporal/dw2ksiby8di8mfis
隋,隋,,,,589,618,隋,http://data.library.sh.cn/authority/temporal/i9lwy7pb6y5rz8xo
隋,隋,仁寿,文帝,杨坚,601,604,隋仁寿,http://data.library.sh.cn/authority/temporal/ogfkafsjwbff2t1p
高昌,高昌,延和,,麴伯雅,602,613,高昌延和,http://data.library.sh.cn/authority/temporal/3tv79m84ap736v3x
隋,隋,大业,炀帝,杨广,605,618,隋大业,http://data.library.sh.cn/authority/temporal/3p7lhlwyzqjezwpt
,,白乌,,向海明,613,613,白乌,http://data.library.sh.cn/authority/temporal/w1k2rltayvdkfahm
,,大世,,刘迦论,614,614,大世,http://data.library.sh.cn/authority/temporal/gudsekjgaoqgxb9b
高昌,高昌,义和,,麴□,614,619,高昌义和,http://data.library.sh.cn/authority/temporal/bf218vii1c6fj4aq
,,昌达,,朱粲,615,619,昌达,http://data.library.sh.cn/authority/temporal/5nsz6pu5numz1ls5
,,始兴,,操师乞,616,616,始兴,http://data.library.sh.cn/authority/temporal/bg92fp1r8ceu2ncl
楚,楚,太平,,林士弘,616,622,楚太平,http://data.library.sh.cn/authority/temporal/m9mfgfyvjwjpnshj
,,丑平,,郭子和,617,618,丑平,http://data.library.sh.cn/authority/temporal/o8zgcy1ysvyu3cwl
,,天兴,,刘武周,617,620,天兴,http://data.library.sh.cn/authority/temporal/fc1bpe6kp4ip63wl
夏(窦建德),夏,丁丑,,窦建德,617,618,夏丁丑,http://data.library.sh.cn/authority/temporal/hm6tq9vl6nx7pa4l
魏,魏,永平,,李密,617,618,魏永平,http://data.library.sh.cn/authority/temporal/vvp4zppe81vsah87
秦,秦,秦兴,,薛举,617,618,秦秦兴,http://data.library.sh.cn/authority/temporal/41ngdn53nn6owyqr
梁,梁,永隆,,梁师都,617,628,梁永隆,http://data.library.sh.cn/authority/temporal/morqizkjdraq42gk
梁,梁,鸣凤,,萧铣,617,621,梁鸣凤,http://data.library.sh.cn/authority/temporal/jl1qvvfjrkb4igqb
唐,唐,,,,618,907,唐,http://data.library.sh.cn/authority/temporal/icdquglj1cgbekqk
,,安乐,,李轨,618,623,安乐,http://data.library.sh.cn/authority/temporal/gixwquy55qpdd4r9
隋,隋,义宁,恭帝,杨侑,618,618,隋义宁,http://data.library.sh.cn/authority/temporal/wq4sz9wjoq5f5kb5
燕,燕,始兴,,高开道,618,624,燕始兴,http://data.library.sh.cn/authority/temporal/c52xifg5c8f18ggk
夏(窦建德),夏,五凤,,窦建德,618,621,夏五凤,http://data.library.sh.cn/authority/temporal/fk9omvu42cf2rlao
唐,唐,武德,高祖,李渊,618,626,唐武德,http://data.library.sh.cn/authority/temporal/xjk8zocy2nz39f4a
隋,隋,皇泰,越王,杨侗,618,619,隋皇泰,http://data.library.sh.cn/authority/temporal/lh2dpz8t7h9lg47r
许,许,天寿,,宇文化及,618,619,许天寿,http://data.library.sh.cn/authority/temporal/ytj868kgun9tmahi
,,延康,,沈法兴,619,620,延康,http://data.library.sh.cn/authority/temporal/ol4o5apa2y4l7dnx
郑,郑,开明,,王世充,619,621,郑开明,http://data.library.sh.cn/authority/temporal/gw35dpw8zef5j2lz
许,许,明政,,李子通,619,620,许明政,http://data.library.sh.cn/authority/temporal/juj1xken5mzps2ki
,,重光,,麴文泰,621,622,重光,http://data.library.sh.cn/authority/temporal/15nlpikyfopksa3e
夏(刘黑闼),夏,天造,,刘黑闼,622,623,夏天造,http://data.library.sh.cn/authority/temporal/o21xjey9i9onrsyf
宋,宋,天明,,辅公祏,623,624,宋天明,http://data.library.sh.cn/authority/temporal/5un7d1ndqhv3nle9
,,延寿,,李轨,624,640,延寿,http://data.library.sh.cn/authority/temporal/elz6ohaatenfsqpj
唐,唐,贞观,太宗,李世民,627,649,唐贞观,http://data.library.sh.cn/authority/temporal/ivhicy3jc7akw912
唐,唐,永徽,高宗,李治,650,655,唐永徽,http://data.library.sh.cn/authority/temporal/i54m3tdernjlbaye
唐,唐,显庆,高宗,李治,656,661,唐显庆,http://data.library.sh.cn/authority/temporal/a83tnsv4hbgqpaoh
唐,唐,龙朔,高宗,李治,661,663,唐龙朔,http://data.library.sh.cn/authority/temporal/raxdblljged4j3jj
唐,唐,麟德,高宗,李治,664,665,唐麟德,http://data.library.sh.cn/authority/temporal/9a1xos9znk7yr7lt
唐,唐,乾封,高宗,李治,666,668,唐乾封,http://data.library.sh.cn/authority/temporal/7c6d4c9cuy5j9d48
唐,唐,总章,高宗,李治,668,670,唐总章,http://data.library.sh.cn/authority/temporal/1mkx1p81epm91exn
唐,唐,咸亨,高宗,李治,670,674,唐咸亨,http://data.library.sh.cn/authority/temporal/k47xbimzg7hi3fto
唐,唐,上元,高宗,李治,674,676,唐上元,http://data.library.sh.cn/authority/temporal/95qfwfs47amo82w2
唐,唐,仪凤,高宗,李治,676,679,唐仪凤,http://data.library.sh.cn/authority/temporal/aybvhok9afad2l8y
唐,唐,调露,高宗,李治,679,680,唐调露,http://data.library.sh.cn/authority/temporal/cwk37yyfyfqr3rk2
唐,唐,永隆,高宗,李治,680,681,唐永隆,http://data.library.sh.cn/authority/temporal/zxnbtb17jw9mr4zr
唐,唐,开耀,高宗,李治,681,682,唐开耀,http://data.library.sh.cn/authority/temporal/23jr3blzhqfd2jb1
唐,唐,永淳,高宗,李治,682,683,唐永淳,http://data.library.sh.cn/authority/temporal/u3prb7ld3m57yt1q
唐,唐,弘道,中宗,李显,683,683,唐弘道,http://data.library.sh.cn/authority/temporal/4jnzledbjybf7687
唐,唐,文明,睿宗,李旦,684,684,唐文明,http://data.library.sh.cn/authority/temporal/foqmhtas34c6csew
唐,唐,嗣圣,中宗,李显,684,684,唐嗣圣,http://data.library.sh.cn/authority/temporal/6nyfg4hekqcrgg5s
唐,唐,垂拱,,武则天,685,688,唐垂拱,http://data.library.sh.cn/authority/temporal/y6ni8cb3v6bv4n2o
唐,唐,光宅,,武则天,685,685,唐光宅,http://data.library.sh.cn/authority/temporal/t685mlpix24mt1iy
唐,唐,载初,,武则天,689,690,唐载初,http://data.library.sh.cn/authority/temporal/4m7nwdtgsyzoas1t
唐,唐,永昌,,武则天,689,689,唐永昌,http://data.library.sh.cn/authority/temporal/5afe2ax3pepg7beu
唐,唐,天授,,武则天,690,692,唐天授,http://data.library.sh.cn/authority/temporal/6c9o7qdszkzhly6b
唐,唐,如意,,武则天,692,693,唐如意,http://data.library.sh.cn/authority/temporal/pfakljj8344jkgb8
唐,唐,长寿,,武则天,693,694,唐长寿,http://data.library.sh.cn/authority/temporal/jfdp4rpvrgnlebrq
唐,唐,延载,,武则天,694,695,唐延载,http://data.library.sh.cn/authority/temporal/axye5peu5h3itf2e
唐,唐,天册万岁,,武则天,695,696,唐天册万岁,http://data.library.sh.cn/authority/temporal/udow65h1sq7epude
唐,唐,万岁通天,,武则天,696,696,唐万岁通天,http://data.library.sh.cn/authority/temporal/ghje3tv3yetnljdq
唐,唐,万岁登封,,武则天,696,697,唐万岁登封,http://data.library.sh.cn/authority/temporal/mwpg9mdtfrwo2zy9
唐,唐,神功,,武则天,697,697,唐神功,http://data.library.sh.cn/authority/temporal/yvywgmch95712tg3
唐,唐,圣历,,武则天,698,700,唐圣历,http://data.library.sh.cn/authority/temporal/qhfo69d9v6i2lpbw
渤海,渤海,大祚荣,,大祚荣,698,719,渤海大祚荣,http://data.library.sh.cn/authority/temporal/zar2siko9pg9ouxn
唐,唐,久视,,武则天,700,701,唐久视,http://data.library.sh.cn/authority/temporal/4d9pl47dct1wbxfd
唐,唐,大足,,武则天,701,702,唐大足,http://data.library.sh.cn/authority/temporal/8o8szbuwuf8111ru
唐,唐,长安,,武则天,702,703,唐长安,http://data.library.sh.cn/authority/temporal/huorbkh6pihlga4c
唐,唐,神龙,中宗,李显,704,707,唐神龙,http://data.library.sh.cn/authority/temporal/38zovt8kpb4ahfu3
唐,唐,景龙,中宗,李显,707,710,唐景龙,http://data.library.sh.cn/authority/temporal/2b58gkfnwmvusmeh
隋,隋,克复,宗,李重福,710,710,隋克复,http://data.library.sh.cn/authority/temporal/n8fuvld8vq69vrsq
唐,唐,唐隆,少帝,李重茂,710,710,唐唐隆,http://data.library.sh.cn/authority/temporal/f7z3xiljwyelh2dy
唐,唐,景云,睿宗,李旦,710,711,唐景云,http://data.library.sh.cn/authority/temporal/g4ct89v4qcg3wo8i
唐,唐,太极,睿宗,李旦,712,713,唐太极,http://data.library.sh.cn/authority/temporal/ujf3xika2bfetgjs
唐,唐,延和,睿宗,李旦,713,714,唐延和,http://data.library.sh.cn/authority/temporal/ry1qjc5m6idfdw91
唐,唐,开元,玄宗,李隆基,714,741,唐开元,http://data.library.sh.cn/authority/temporal/4ilyrfwurk4tysv8
唐,唐,先天,玄宗,李隆基,714,714,唐先天,http://data.library.sh.cn/authority/temporal/5nyr6anqrz1zld77
渤海,渤海,仁安,,大武艺,720,737,渤海仁安,http://data.library.sh.cn/authority/temporal/5ln4vououychnq9u
渤海,渤海,大兴,,大钦茂,738,793,渤海大兴,http://data.library.sh.cn/authority/temporal/baqj9ha351xi9c5f
唐,唐,天宝,玄宗,李隆基,742,756,唐天宝,http://data.library.sh.cn/authority/temporal/67uzpymf29id9u3r
南诏,南诏,阁逻凤,,NON,746,768,南诏阁逻凤,http://data.library.sh.cn/authority/temporal/yexkmubqdqmoigrx
燕,燕,圣武,,安禄山,756,756,燕圣武,http://data.library.sh.cn/authority/temporal/wdf7d3glijo3gm6y
唐,唐,至德,肃宗,李亨,756,758,唐至德,http://data.library.sh.cn/authority/temporal/8nm21s2dl3xd9dyf
燕,燕,载初,,安禄山,757,758,燕载初,http://data.library.sh.cn/authority/temporal/fc9ejhwai5vdc6mq
唐,唐,乾元,肃宗,李亨,758,760,唐乾元,http://data.library.sh.cn/authority/temporal/qggzgvmi8hshiedj
燕,燕,天成,,安禄山,758,759,燕天成,http://data.library.sh.cn/authority/temporal/eudsj3fli3drm369
燕,燕,应天,,史思明,760,760,燕应天,http://data.library.sh.cn/authority/temporal/otz23cwyrccer316
燕,燕,顺天,,史思明,760,761,燕顺天,http://data.library.sh.cn/authority/temporal/ji7oocbc7yif4i24
唐,唐,上元,肃宗,李亨,760,762,唐上元,http://data.library.sh.cn/authority/temporal/pjo78mpj4p17mxiw
,,黄龙,,段子璋,761,761,黄龙,http://data.library.sh.cn/authority/temporal/4woticeappxni1fo
燕,燕,显圣,,史朝义,761,763,燕显圣,http://data.library.sh.cn/authority/temporal/mkibn2kv9kbhyyio
,,宝胜,,袁晁,762,763,宝胜,http://data.library.sh.cn/authority/temporal/eynb14y6bvvfywc3
唐,唐,宝应,肃宗,李亨,762,763,唐宝应,http://data.library.sh.cn/authority/temporal/bihgz63ibxsty9y7
唐,唐,广德,代宗,李豫,763,765,唐广德,http://data.library.sh.cn/authority/temporal/99gy9g7il5zm2liv
唐,唐,永泰,代宗,李豫,765,766,唐永泰,http://data.library.sh.cn/authority/temporal/n758236dmmsyyxtz
唐,唐,大历,代宗,李豫,766,779,唐大历,http://data.library.sh.cn/authority/temporal/l2nvch79sm4wn4gp
南诏,南诏,长寿,,NON,769,779,南诏长寿,http://data.library.sh.cn/authority/temporal/bac4v7741luhikwq
唐,唐,建中,德宗,李适,780,783,唐建中,http://data.library.sh.cn/authority/temporal/tb7ax1fthukq9wkl
南诏,南诏,见龙,,异牟寻,780,783,南诏见龙,http://data.library.sh.cn/authority/temporal/pkq9epwjqx32i1x7
,,应天,,朱泚,783,784,应天,http://data.library.sh.cn/authority/temporal/rq2kppnoedhq7lzg
,,武成,,李希烈,784,786,武成,http://data.library.sh.cn/authority/temporal/vfq16n2k394r3lf4
,,天皇,,朱泚,784,784,天皇,http://data.library.sh.cn/authority/temporal/i16htr91e9vb76pj
唐,唐,兴元,德宗,李适,784,784,唐兴元,http://data.library.sh.cn/authority/temporal/pxd1bb9nsg8f6ujz
南诏,南诏,上元,,NON,784,,南诏上元,http://data.library.sh.cn/authority/temporal/4eljzv3hcnl3l1uv
唐,唐,贞元,德宗,李适,785,805,唐贞元,http://data.library.sh.cn/authority/temporal/6m4xcyzoyzpm8f1i
渤海,渤海,中兴,,大华屿,794,795,渤海中兴,http://data.library.sh.cn/authority/temporal/x25p2wk8iki1g51g
渤海,渤海,正历,,大嵩璘,795,809,渤海正历,http://data.library.sh.cn/authority/temporal/x1s9wxypvo1cts9f
唐,唐,永贞,顺宗,李诵,805,806,唐永贞,http://data.library.sh.cn/authority/temporal/mvgjsh7xa4p9jhrp
元封,元封,元封,,寻阁劝,806,806,元封元封,http://data.library.sh.cn/authority/temporal/xfc48hw5mt38ab23
唐,唐,元和,宪宗,李纯,807,821,唐元和,http://data.library.sh.cn/authority/temporal/ld8n85clxy5pj45e
元封,元封,应道,,寻阁劝,807,897,元封应道,http://data.library.sh.cn/authority/temporal/1emhr9vqeib236ke
元封,元封,龙兴,,劝龙晟,808,816,元封龙兴,http://data.library.sh.cn/authority/temporal/3h2zpkqfq89scxhn
渤海,渤海,永德,,大元瑜,809,812,渤海永德,http://data.library.sh.cn/authority/temporal/1tpvazzkrxl85xgi
渤海,渤海,朱雀,,大言义,812,818,渤海朱雀,http://data.library.sh.cn/authority/temporal/bclpg7fmvvchg83s
吐蕃,吐蕃,,,可黎可足,815,838,吐蕃,http://data.library.sh.cn/authority/temporal/l4wgkonx93zezisq
元封,元封,全义,,劝利晟,817,819,元封全义,http://data.library.sh.cn/authority/temporal/tja18bohkzug5n2d
渤海,渤海,太始,,大明忠,818,818,渤海太始,http://data.library.sh.cn/authority/temporal/hotph8pnahwwtdwk
渤海,渤海,建兴,,大仁秀,819,830,渤海建兴,http://data.library.sh.cn/authority/temporal/38eu1qsdvp5ogrbp
元封,元封,大丰,,劝利晟,820,823,元封大丰,http://data.library.sh.cn/authority/temporal/pwmsnciwo2zswmow
唐,唐,长庆,穆宗,李恒,822,824,唐长庆,http://data.library.sh.cn/authority/temporal/ir7yjb15ylqwgmdx
元封,元封,保和,,劝丰祐,824,839,元封保和,http://data.library.sh.cn/authority/temporal/ol6wih1uqml5pzxb
唐,唐,宝历,敬宗,李湛,825,828,唐宝历,http://data.library.sh.cn/authority/temporal/717u7nlmk7sg3upe
唐,唐,太和,文宗,李昂,828,835,唐太和,http://data.library.sh.cn/authority/temporal/l5y4ud74zvdl9rrs
渤海,渤海,咸和,,大彝震,830,857,渤海咸和,http://data.library.sh.cn/authority/temporal/wv6nj1zweff9huzu
唐,唐,开成,文宗,李昂,836,841,唐开成,http://data.library.sh.cn/authority/temporal/hwd2zd79qj4tl6sl
唐,唐,会昌,武宗,李炎,842,847,唐会昌,http://data.library.sh.cn/authority/temporal/c4yq3xxemqwakji4
唐,唐,大中,宣宗,李忱,848,860,唐大中,http://data.library.sh.cn/authority/temporal/qzdw1l1josb5528i
天启,天启,天启,,世隆,856,859,天启天启,http://data.library.sh.cn/authority/temporal/cjvnewa3qdalpr2k
渤海,渤海,,,大虔晃,857,871,渤海,http://data.library.sh.cn/authority/temporal/ce8bjqxuyc5j26dm
,,罗平,,裘甫,860,860,罗平,http://data.library.sh.cn/authority/temporal/cfmys5a6yw7t16rf
唐,唐,咸通,懿宗,李漼,860,875,唐咸通,http://data.library.sh.cn/authority/temporal/jiqfdmss4bjwpk2h
天启,天启,建极,,世隆,860,872,天启建极,http://data.library.sh.cn/authority/temporal/gx3jkdgky33h81jq
渤海,渤海,,,大玄锡,871,893,渤海,http://data.library.sh.cn/authority/temporal/irv5lwf5ezb79psz
天启,天启,法尧,,隆舜,873,877,天启法尧,http://data.library.sh.cn/authority/temporal/i9jjnl52ougictva
唐,唐,乾符,僖宗,李儇,875,879,唐乾符,http://data.library.sh.cn/authority/temporal/qxrrgsaik1qs4jyy
齐,齐,王霸,,黄巢,878,880,齐王霸,http://data.library.sh.cn/authority/temporal/ogx1jibufh37x7qv
天启,天启,贞明,大封民,隆舜,878,880,天启贞明,http://data.library.sh.cn/authority/temporal/dcw87xszp9a6ah5d
齐,齐,金统,,黄巢,880,884,齐金统,http://data.library.sh.cn/authority/temporal/7wkou8fwxosfafd1
唐,唐,广明,僖宗,李儇,880,881,唐广明,http://data.library.sh.cn/authority/temporal/sjghfyttikumyqy3
唐,唐,中和,僖宗,李儇,881,885,唐中和,http://data.library.sh.cn/authority/temporal/4wr6jlb61zezkjsv
天启,天启,承智,大封民,隆舜,881,886,天启承智,http://data.library.sh.cn/authority/temporal/zescq67i85zckyjz
唐,唐,光启,僖宗,李儇,885,888,唐光启,http://data.library.sh.cn/authority/temporal/wz4bw2uxd68kcqv5
,,建贞,,李煴,886,886,建贞,http://data.library.sh.cn/authority/temporal/g7ij32r4w8plqm77
天启,天启,大同,大封民,隆舜,887,890,天启大同,http://data.library.sh.cn/authority/temporal/cd9a851ozfbwsd7n
唐,唐,文德,僖宗,李儇,888,888,唐文德,http://data.library.sh.cn/authority/temporal/hkd6xm7ebqnzic2f
唐,唐,龙纪,昭宗,李晔,889,889,唐龙纪,http://data.library.sh.cn/authority/temporal/aexcemxi76u32762
唐,唐,大顺,昭宗,李晔,890,891,唐大顺,http://data.library.sh.cn/authority/temporal/hesbbap7ag4tvfie
天启,天启,嵯耶,大封民,隆舜,891,897,天启嵯耶,http://data.library.sh.cn/authority/temporal/pxpj5uik7zbd1e3a
唐,唐,景福,昭宗,李晔,892,893,唐景福,http://data.library.sh.cn/authority/temporal/a9deicuov12dvuui
渤海,渤海,,,大玮瑎,894,906,渤海,http://data.library.sh.cn/authority/temporal/8iqnqmwdy16fka6z
唐,唐,乾宁,昭宗,李晔,894,898,唐乾宁,http://data.library.sh.cn/authority/temporal/ankpxue4u2cvjwv6
,,顺天,,董昌,895,896,顺天,http://data.library.sh.cn/authority/temporal/8n33ybpj8pgoufpc
唐,唐,光化,昭宗,李晔,898,901,唐光化,http://data.library.sh.cn/authority/temporal/gv5rzozq454y6s6q
天启,天启,中兴,,舜化贞,898,902,天启中兴,http://data.library.sh.cn/authority/temporal/7gkvt5quno738ocg
唐,唐,天复,昭宗,李晔,901,904,唐天复,http://data.library.sh.cn/authority/temporal/wi6cjfwvjp3y5s83
吴,吴,天复,,杨行密,902,903,吴天复,http://data.library.sh.cn/authority/temporal/kam1vg3wl8lryeqy
天启,天启,安国,大长和,郑买嗣,903,907,天启安国,http://data.library.sh.cn/authority/temporal/f9knvmtlk6ijxi7d
吴,吴,天祐,,杨行密,904,905,吴天祐,http://data.library.sh.cn/authority/temporal/hqgmpd4j3it27qty
唐,唐,天祐,袁帝,李祝,904,907,唐天祐,http://data.library.sh.cn/authority/temporal/slxysx34uqmlt3ae
吴,吴,天祐,,杨渥,905,919,吴天祐,http://data.library.sh.cn/authority/temporal/9re19pl2w2hiwg7s
契丹,契丹,,辽太祖,耶律阿保机,907,916,契丹,http://data.library.sh.cn/authority/temporal/leddtfupfigfl271
五代,五代,,,,907,960,五代,http://data.library.sh.cn/authority/temporal/mcwzpg3bobv41ks9
渤海,渤海,,,大諲譔,907,926,渤海,http://data.library.sh.cn/authority/temporal/kuvnpho9wvo4azic
闽,闽,开平,,王审知,907,910,闽开平,http://data.library.sh.cn/authority/temporal/xow4kjhuhwtwm9h7
后梁,后梁,开平,太祖,朱温,907,911,后梁开平,http://data.library.sh.cn/authority/temporal/k8nfaozm6zlqjwl6
南诏,南诏,安国,大长和,郑买嗣,907,909,南诏安国,http://data.library.sh.cn/authority/temporal/dfj2wfngat1odxos
吴越,吴越,天祐,,钱镠,907,907,吴越天祐,http://data.library.sh.cn/authority/temporal/i2jly75ek5qrskd6
前蜀,前蜀,天复,,王建,907,907,前蜀天复,http://data.library.sh.cn/authority/temporal/llp6bmh7og9cau3t
渤海,渤海,大諲譔,,NON,907,925,渤海大諲譔,http://data.library.sh.cn/authority/temporal/4nmtxmmzucbabvy6
吴越,吴越,天宝,,钱镠,908,912,吴越天宝,http://data.library.sh.cn/authority/temporal/vgol66ebyi9cpyps
前蜀,前蜀,武成,,王建,908,910,前蜀武成,http://data.library.sh.cn/authority/temporal/btddluhogq1dfu1r
南诏,南诏,始元,,郑仁旻,910,912,南诏始元,http://data.library.sh.cn/authority/temporal/qsahxrs56h4iwmfk
燕,燕,应天,,刘守光,911,913,燕应天,http://data.library.sh.cn/authority/temporal/xvqhmha7dcta4q12
闽,闽,乾化,,王审知,911,915,闽乾化,http://data.library.sh.cn/authority/temporal/9faq4n3lg6q5w2zr
前蜀,前蜀,永平,,王建,911,915,前蜀永平,http://data.library.sh.cn/authority/temporal/zkrgejk2v7xxvy9w
后梁,后梁,乾化,太祖,朱温,911,912,后梁乾化,http://data.library.sh.cn/authority/temporal/f3pxoagzq4rub8np
于阗,于阗,同庆,,李圣天,912,940,于阗同庆,http://data.library.sh.cn/authority/temporal/5i64xuk4xldt5w8m
闽,闽,凤历,,王审知,913,914,闽凤历,http://data.library.sh.cn/authority/temporal/rotzvbso4tlzyk8a
吴越,吴越,凤历,,钱镠,913,913,吴越凤历,http://data.library.sh.cn/authority/temporal/rjgha3lp1bianyuw
后梁,后梁,凤历,,朱友珪,913,914,后梁凤历,http://data.library.sh.cn/authority/temporal/wyf65nzjiaqopsjk
南诏,南诏,天瑞景星？,,郑仁旻,913,915,南诏天瑞景星？,http://data.library.sh.cn/authority/temporal/av67kbintddp99ur
后梁,后梁,乾化,末帝,朱友贞,914,915,后梁乾化,http://data.library.sh.cn/authority/temporal/ve1mkvjps9t5ruvl
吴越,吴越,乾化,,钱镠,914,915,吴越乾化,http://data.library.sh.cn/authority/temporal/xukf7owo57ovwpgf
闽,闽,贞明,,王审知,915,921,闽贞明,http://data.library.sh.cn/authority/temporal/repcgzzqfe3flwq8
吴越,吴越,贞明,,钱镠,915,920,吴越贞明,http://data.library.sh.cn/authority/temporal/sj6ch7t9b9hihjbx
后梁,后梁,贞明,末帝,朱友贞,915,921,后梁贞明,http://data.library.sh.cn/authority/temporal/zupo46abl49sqwy1
前蜀,前蜀,通正,,王建,916,916,前蜀通正,http://data.library.sh.cn/authority/temporal/thhs5y6zd9g7jayh
契丹,契丹,神册,辽太祖,耶律阿保机,916,922,契丹神册,http://data.library.sh.cn/authority/temporal/q21x6eymfftab6xi
南汉,南汉,乾亨,,刘䶮,916,925,南汉乾亨,http://data.library.sh.cn/authority/temporal/lw1va36mdxl4td7z
南诏,南诏,安和？,,郑仁旻,916,920,南诏安和？,http://data.library.sh.cn/authority/temporal/9r1ux5hmbolx5sen
前蜀,前蜀,天汉,,王建,917,917,前蜀天汉,http://data.library.sh.cn/authority/temporal/a2g8ete1xhqvely2
前蜀,前蜀,光天,,王建,918,919,前蜀光天,http://data.library.sh.cn/authority/temporal/jfbumex3d5g8lmz4
吴,吴,武义,,杨隆演,919,921,吴武义,http://data.library.sh.cn/authority/temporal/7us1ctdwnbb78yz3
前蜀,前蜀,乾德,,王衍,920,925,前蜀乾德,http://data.library.sh.cn/authority/temporal/m7dspafau26tdr3c
闽,闽,龙德,,王审知,921,923,闽龙德,http://data.library.sh.cn/authority/temporal/zmwc1jj9hhds6rz3
吴,吴,顺义,,杨溥,921,927,吴顺义,http://data.library.sh.cn/authority/temporal/gwpz2r3g2kptdnyr
吴越,吴越,龙德,,钱镠,921,923,吴越龙德,http://data.library.sh.cn/authority/temporal/5c5i3a6lul9veor7
南平,南平,顺义,,高季兴,921,925,荆南顺义,http://data.library.sh.cn/authority/temporal/a9ki3nxibd4uo16f
后梁,后梁,龙德,末帝,朱友贞,921,923,后梁龙德,http://data.library.sh.cn/authority/temporal/lq7qiovvkxjjo4bc
南诏,南诏,贞祐？,,郑仁旻,921,921,南诏贞祐？,http://data.library.sh.cn/authority/temporal/4dqzjs52i7mqa2ir
契丹,契丹,天赞,辽太祖,耶律阿保机,922,926,契丹天赞,http://data.library.sh.cn/authority/temporal/ymkokymybmde9e6t
南诏,南诏,初历？,,郑仁旻,922,925,南诏初历？,http://data.library.sh.cn/authority/temporal/ruotglyiwg9wqzt9
闽,闽,同光,,王审知,924,925,闽同光,http://data.library.sh.cn/authority/temporal/3fmymjisnzr6x3kn
吴越,吴越,宝大,,钱镠,924,925,吴越宝大,http://data.library.sh.cn/authority/temporal/tukm11dvhdet8lrs
后唐,后唐,同光,庄宗,李存勗,924,926,后唐同光,http://data.library.sh.cn/authority/temporal/kc511ful8w2f7sgk
南汉,南汉,白龙,,刘䶮,925,928,南汉白龙,http://data.library.sh.cn/authority/temporal/ohmxxbhrnnptnd87
前蜀,前蜀,咸康,,王衍,925,925,前蜀咸康,http://data.library.sh.cn/authority/temporal/n3bv41hw1hoihwy8
南诏,南诏,,,郑仁旻,926,926,南诏,http://data.library.sh.cn/authority/temporal/2qfjzr26n4jm7csv
闽,闽,天成,,王延翰,926,930,闽天成,http://data.library.sh.cn/authority/temporal/e5x7bbsfjyuvnbwh
吴越,吴越,宝正,,钱镠,926,932,吴越宝正,http://data.library.sh.cn/authority/temporal/w1xf56zalz3rshee
东丹,东丹,甘露,,耶律倍,926,936,东丹甘露,http://data.library.sh.cn/authority/temporal/fl2nlo88zqwfgg9h
后唐,后唐,天成,明宗,李嗣源,926,930,后唐天成,http://data.library.sh.cn/authority/temporal/17rh11efb2ayla1y
南平,南平,天成,,高季兴,926,930,荆南天成,http://data.library.sh.cn/authority/temporal/cen2517zxfwbc1ub
契丹,契丹,天显,辽太祖,耶律阿保机,926,938,契丹天显,http://data.library.sh.cn/authority/temporal/muumc1pvudg9uchg
楚,楚,天成,,马殷,927,930,楚天成,http://data.library.sh.cn/authority/temporal/xl9983qha7m1cbc1
吴,吴,乾贞,,杨溥,927,929,吴乾贞,http://data.library.sh.cn/authority/temporal/szs1q37ply1zsodm
南诏,南诏,天应,,郑隆亶,927,927,南诏天应,http://data.library.sh.cn/authority/temporal/73zu8nlqmgd8tbzk
南诏,南诏,尊圣,大天兴,赵善政,928,929,南诏尊圣,http://data.library.sh.cn/authority/temporal/u6cro85htcfxaswu
南汉,南汉,大有,,刘䶮,928,942,南汉大有,http://data.library.sh.cn/authority/temporal/lwjij4fpyniogaw5
南平,南平,乾贞,,高季兴,928,929,荆南乾贞,http://data.library.sh.cn/authority/temporal/3bgn34o6mf6he3nd
吴,吴,太和,,杨溥,929,935,吴太和,http://data.library.sh.cn/authority/temporal/82nsyyajz3d9xpxd
闽,闽,长兴,,王延翰,930,932,闽长兴,http://data.library.sh.cn/authority/temporal/g7b8ns3a7yyr88op
楚,楚,长兴,,马希声,930,933,楚长兴,http://data.library.sh.cn/authority/temporal/utvufasles55n6wt
南平,南平,大和,,高从诲,930,930,荆南大和,http://data.library.sh.cn/authority/temporal/inkwf7t6sdf89yqb
后唐,后唐,长兴,明宗,李嗣源,930,933,后唐长兴,http://data.library.sh.cn/authority/temporal/3uwlf22znq8558rl
南平,南平,长兴,,高从诲,930,933,荆南长兴,http://data.library.sh.cn/authority/temporal/8zi8npfazemfsj5d
南诏,南诏,兴圣,大义宁,杨干真,930,930,南诏兴圣,http://data.library.sh.cn/authority/temporal/vuu9dcpjygbuvpgm
南诏,南诏,大明,大义宁,杨干真,931,937,南诏大明,http://data.library.sh.cn/authority/temporal/2td4ep1bzi51a1ss
吴越,吴越,长兴,,钱元瓘,932,933,吴越长兴,http://data.library.sh.cn/authority/temporal/kjrc3dps8fflggav
闽,闽,龙启,,王延翰,933,935,闽龙启,http://data.library.sh.cn/authority/temporal/49pn8tob8cgnkayp
楚,楚,应顺,,马希範,934,934,楚应顺,http://data.library.sh.cn/authority/temporal/xyt4wmmrxqr1ki8f
吴越,吴越,应顺,,钱元瓘,934,934,吴越应顺,http://data.library.sh.cn/authority/temporal/g3ooussxjqpswsgi
后唐,后唐,应顺,闵帝,李从厚,934,935,后唐应顺,http://data.library.sh.cn/authority/temporal/mjexwsvqq7kfcti9
后蜀,后蜀,明德,,孟知祥,934,937,后蜀明德,http://data.library.sh.cn/authority/temporal/d2bplhupyfqiieya
南平,南平,应顺,,高从诲,934,934,荆南应顺,http://data.library.sh.cn/authority/temporal/3kpww5ak5e4pvtet
吴,吴,天祚,,杨溥,935,937,吴天祚,http://data.library.sh.cn/authority/temporal/s53sk1dr7bzl8d2i
闽,闽,永和,,王昶,935,936,闽永和,http://data.library.sh.cn/authority/temporal/ib3fx8q7ux4zc6o7
楚,楚,清泰,,马希範,935,936,楚清泰,http://data.library.sh.cn/authority/temporal/h27yb4gy5orxslx2
南平,南平,清泰,,高从诲,935,936,荆南清泰,http://data.library.sh.cn/authority/temporal/3awalk87r23zi4js
后唐,后唐,清泰,末帝,李从珂,935,936,后唐清泰,http://data.library.sh.cn/authority/temporal/7nx1agvmifneyc4c
吴越,吴越,清泰,,钱元瓘,935,936,吴越清泰,http://data.library.sh.cn/authority/temporal/8h7tii72r9xfdq75
闽,闽,通文,,王昶,936,939,闽通文,http://data.library.sh.cn/authority/temporal/5cjwnpnuesjxs6sb
楚,楚,天福,,马希範,937,947,楚天福,http://data.library.sh.cn/authority/temporal/nrs93gczomxy2y62
吴越,吴越,天福,,钱元瓘,937,943,吴越天福,http://data.library.sh.cn/authority/temporal/w4dho87rvi6ijixm
南平,南平,天福,,高从诲,937,947,荆南天福,http://data.library.sh.cn/authority/temporal/blx2icc6q27q9xv7
后晋,后晋,天福,高祖,石敬瑭,937,944,后晋天福,http://data.library.sh.cn/authority/temporal/4t699kyebyl4m2ng
契丹,契丹,会同,辽太宗,耶律德光,938,947,契丹会同,http://data.library.sh.cn/authority/temporal/oc6sddz24988szze
南唐,南唐,昇元,,李昪,938,943,南唐昇元,http://data.library.sh.cn/authority/temporal/fjp765ilof993p5u
后蜀,后蜀,广政,,孟昶,938,960,后蜀广政,http://data.library.sh.cn/authority/temporal/waqhiu9mqpa6m6bn
闽,闽,永隆,,王曦,939,943,闽永隆,http://data.library.sh.cn/authority/temporal/ixtrvhi2ixidbz6f
大理,大理,文德,,段思平,939,940,大理文德,http://data.library.sh.cn/authority/temporal/ns5txx8funmiz5mi
大理,大理,神武,,段思平,941,944,大理神武,http://data.library.sh.cn/authority/temporal/6axcltjv28wrzaud
南汉,南汉,光天,,刘玢,942,943,南汉光天,http://data.library.sh.cn/authority/temporal/x5kts2zw5j1eray3
闽,闽,天德,,王延政,943,945,闽天德,http://data.library.sh.cn/authority/temporal/ka443b6aba5fnj78
于阗,于阗,永乐,,张遇贤,943,943,于阗永乐,http://data.library.sh.cn/authority/temporal/llkgrhqgsoniuuj1
南汉,南汉,应乾,,刘晟,943,944,南汉应乾,http://data.library.sh.cn/authority/temporal/rvievxlzr59s97qx
南唐,南唐,保大,,李璟,943,957,南唐保大,http://data.library.sh.cn/authority/temporal/5bmdfae1psxfbjzm
楚,楚,开运,,马希範,944,946,楚开运,http://data.library.sh.cn/authority/temporal/7t54r1ab44scdh5q
南汉,南汉,乾和,,刘晟,944,958,南汉乾和,http://data.library.sh.cn/authority/temporal/vd8r8ucla93jeg7f
后晋,后晋,开运,高祖,石敬瑭,944,946,后晋开运,http://data.library.sh.cn/authority/temporal/qyrb2e85rdvs6vg7
吴越,吴越,开运,,钱宏佐,944,947,吴越开运,http://data.library.sh.cn/authority/temporal/8zj2m14j9yi4erjp
南平,南平,开运,,高从诲,944,946,荆南开运,http://data.library.sh.cn/authority/temporal/j2s5blbhic4wslii
大理,大理,文经,,段思英,945,945,大理文经,http://data.library.sh.cn/authority/temporal/5iwkunwyu6794sk9
大理,大理,至治,,段思良,946,951,大理至治,http://data.library.sh.cn/authority/temporal/gpbu6cn8muyjx4aj
吴越,吴越,天福,,钱宏倧,947,947,吴越天福,http://data.library.sh.cn/authority/temporal/cd2z96vvtpb213hq
契丹,契丹,大同,辽太宗,耶律德光,947,949,契丹大同,http://data.library.sh.cn/authority/temporal/fi8k9hbjo8p6oihc
楚,楚,乾祐,,马希广,948,950,楚乾祐,http://data.library.sh.cn/authority/temporal/lreeuibbe69oa49k
南平,南平,乾祐,,高保融,948,950,荆南乾祐,http://data.library.sh.cn/authority/temporal/a6dsbcdz44e1azpi
吴越,吴越,乾祐,,钱宏俶,948,950,吴越乾祐,http://data.library.sh.cn/authority/temporal/obmes4so5z4tvebm
后汉,后汉,天福,高祖,刘知远,948,949,后汉天福,http://data.library.sh.cn/authority/temporal/nxnh8j9pemj62a3z
后汉,后汉,乾祐,隐帝,刘承祐,949,950,后汉乾祐,http://data.library.sh.cn/authority/temporal/gcoe26lbxdezyded
契丹,契丹,天禄,辽世宗,耶律阮,949,951,契丹天禄,http://data.library.sh.cn/authority/temporal/rdsqqdspdnn9p1d5
楚,楚,保大,,马希萼,950,951,楚保大,http://data.library.sh.cn/authority/temporal/e8bhoinfb3lvgghb
北汉,北汉,乾祐,,刘旻,951,956,北汉乾祐,http://data.library.sh.cn/authority/temporal/4vf4hm3gzpdr2z61
吴越,吴越,广顺,,钱宏俶,951,953,吴越广顺,http://data.library.sh.cn/authority/temporal/vr1jh59kxd94fapc
南平,南平,广顺,,高保融,951,953,荆南广顺,http://data.library.sh.cn/authority/temporal/5rap83x1wlo4dzuy
契丹,契丹,应历,辽穆宗,耶律璟,951,960,契丹应历,http://data.library.sh.cn/authority/temporal/f1c4la2w85x8to8b
大理,大理,明德,,段思聪,952,955,大理明德,http://data.library.sh.cn/authority/temporal/zxaovsmydhp6htsy
后周,后周,广顺,太祖,郭威,952,954,后周广顺,http://data.library.sh.cn/authority/temporal/o9wvpzsrb3zxju5h
南平,南平,显德,,高保融,954,960,荆南显德,http://data.library.sh.cn/authority/temporal/ab8fyb91qq79z5rb
吴越,吴越,显德,,钱宏俶,954,960,吴越显德,http://data.library.sh.cn/authority/temporal/1l97hf3ydbu6gm7s
后周,后周,显德,显德,柴荣,955,960,后周显德,http://data.library.sh.cn/authority/temporal/hb2ktreo6ts165c9
大理,大理,广德,,段思聪,956,968,大理广德,http://data.library.sh.cn/authority/temporal/8uv1kezwk7i1n6kq
北汉,北汉,天会,,刘旻,957,960,北汉天会,http://data.library.sh.cn/authority/temporal/mgcss55cy4tmic48
南唐,南唐,中兴,,李璟,958,959,南唐中兴,http://data.library.sh.cn/authority/temporal/w418fr5g7idf718w
南汉,南汉,大宝,,刘鋹,958,960,南汉大宝,http://data.library.sh.cn/authority/temporal/vcm1eok3kotfyn5l
南唐,南唐,交泰,,李璟,959,960,南唐交泰,http://data.library.sh.cn/authority/temporal/we23b1usig7r1eic
宋,宋,,,,960,1279,宋,http://data.library.sh.cn/authority/temporal/pizh5ypd5d17u795
北宋,北宋,,,,960,1126,北宋,http://data.library.sh.cn/authority/temporal/1muluhi3chuyhtw1
南唐,南唐,显德,,李璟,960,960,南唐显德,http://data.library.sh.cn/authority/temporal/n28kep6i1bj7sx7o
北宋,北宋,建隆,太祖,赵匡胤,960,963,北宋建隆,http://data.library.sh.cn/authority/temporal/nad46qs18jnswzuk
北宋,北宋,乾德,太祖,赵匡胤,963,968,北宋乾德,http://data.library.sh.cn/authority/temporal/18y8cnoqcija9xmr
北宋,北宋,开宝,太祖,赵匡胤,968,976,北宋开宝,http://data.library.sh.cn/authority/temporal/6ocg6fbfsxihzu7x
北宋,北宋,太平兴国,太宗,赵光义,976,984,北宋太平兴国,http://data.library.sh.cn/authority/temporal/bg5duyo5bpt58l56
北宋,北宋,雍熙,太宗,赵光义,984,987,北宋雍熙,http://data.library.sh.cn/authority/temporal/jfcr2z62ko1bibn8
北宋,北宋,端拱,太宗,赵光义,988,989,北宋端拱,http://data.library.sh.cn/authority/temporal/ex4i4yrqrtzbg6tb
北宋,北宋,淳化,太宗,赵光义,990,994,北宋淳化,http://data.library.sh.cn/authority/temporal/qpmhij3roh1g3983
北宋,北宋,至道,太宗,赵光义,995,997,北宋至道,http://data.library.sh.cn/authority/temporal/qy4mweypov2mklb8
北宋,北宋,咸平,真宗,赵恒,998,1003,北宋咸平,http://data.library.sh.cn/authority/temporal/9uvdqjvlwdeiwnsy
北宋,北宋,景德,真宗,赵恒,1004,1007,北宋景德,http://data.library.sh.cn/authority/temporal/wqawfcebtx7v3d2s
北宋,北宋,大中祥符,真宗,赵恒,1008,1016,北宋大中祥符,http://data.library.sh.cn/authority/temporal/8ykoevimhh4ak1j9
北宋,北宋,天禧,真宗,赵恒,1017,1021,北宋天禧,http://data.library.sh.cn/authority/temporal/g9l5pz69yenhsow5
北宋,北宋,乾兴,仁宗,赵祯,1022,1022,北宋乾兴,http://data.library.sh.cn/authority/temporal/7ry8isqvlx32g28q
北宋,北宋,天圣,仁宗,赵祯,1023,1032,北宋天圣,http://data.library.sh.cn/authority/temporal/epzq8go3nshsmcf2
北宋,北宋,明道,仁宗,赵祯,1032,1033,北宋明道,http://data.library.sh.cn/authority/temporal/sprplr19jpps2orz
北宋,北宋,景祐,仁宗,赵祯,1034,1038,北宋景祐,http://data.library.sh.cn/authority/temporal/knekefpbca9oybwb
北宋,北宋,宝元,仁宗,赵祯,1038,1040,北宋宝元,http://data.library.sh.cn/authority/temporal/motnuttnrpkt33n4
北宋,北宋,康定,仁宗,赵祯,1040,1041,北宋康定,http://data.library.sh.cn/authority/temporal/xvtj9n9pcmwqmk5v
北宋,北宋,庆历,仁宗,赵祯,1041,1048,北宋庆历,http://data.library.sh.cn/authority/temporal/yyofi9yvehoek9l8
北宋,北宋,皇祐,仁宗,赵祯,1049,1054,北宋皇祐,http://data.library.sh.cn/authority/temporal/n6qam6k6gw62ta4k
北宋,北宋,至和,仁宗,赵祯,1054,1056,北宋至和,http://data.library.sh.cn/authority/temporal/8jqql6jvcnvpw959
北宋,北宋,嘉祐,仁宗,赵祯,1056,1063,北宋嘉祐,http://data.library.sh.cn/authority/temporal/ds43fqsq79g7ftul
北宋,北宋,治平,英宗,赵曙,1064,1067,北宋治平,http://data.library.sh.cn/authority/temporal/g4kagdpcjzjij2r7
北宋,北宋,熙宁,神宗,赵顼,1068,1077,北宋熙宁,http://data.library.sh.cn/authority/temporal/flyv8bnbfa41f2xc
北宋,北宋,元丰,神宗,赵顼,1078,1085,北宋元丰,http://data.library.sh.cn/authority/temporal/jmmt1ltzkyt3ov1t
北宋,北宋,元祐,哲宗,赵煦,1086,1094,北宋元祐,http://data.library.sh.cn/authority/temporal/bmzeqxrxaczowgza
北宋,北宋,绍圣,哲宗,赵煦,1094,1098,北宋绍圣,http://data.library.sh.cn/authority/temporal/1wgwlq4jsm9x1w8h
北宋,北宋,元符,哲宗,赵煦,1098,1100,北宋元符,http://data.library.sh.cn/authority/temporal/hod7r63yx6chbwu5
北宋,北宋,建中靖国,徽宗,赵佶,1101,1101,北宋建中靖国,http://data.library.sh.cn/authority/temporal/ddao7whehoamgz3z
北宋,北宋,崇宁,徽宗,赵佶,1102,1106,北宋崇宁,http://data.library.sh.cn/authority/temporal/kj28afx16fha2dng
北宋,北宋,大观,徽宗,赵佶,1107,1110,北宋大观,http://data.library.sh.cn/authority/temporal/hxqzykxzrrftza1j
北宋,北宋,政和,徽宗,赵佶,1111,1118,北宋政和,http://data.library.sh.cn/authority/temporal/hbadbwgqnxwsdvgz
北宋,北宋,重和,徽宗,赵佶,1118,1119,北宋重和,http://data.library.sh.cn/authority/temporal/mm35rmqvpgm8wakq
北宋,北宋,宣和,徽宗,赵佶,1119,1125,北宋宣和,http://data.library.sh.cn/authority/temporal/cpubltjtbut7jo12
北宋,北宋,靖康,钦宗,赵桓,1126,1127,北宋靖康,http://data.library.sh.cn/authority/temporal/piztdfwghynmfje5
南宋,南宋,,,,1127,1279,南宋,http://data.library.sh.cn/authority/temporal/q1a7p1g2ke7vrfmi
南宋,南宋,建炎,高宗,赵构,1127,1130,南宋建炎,http://data.library.sh.cn/authority/temporal/c1utj8cnb7r2r471
南宋,南宋,绍兴,高宗,赵构,1131,1162,南宋绍兴,http://data.library.sh.cn/authority/temporal/xqhuj1xtntnzkobw
南宋,南宋,隆兴,孝宗,赵眘,1163,1164,南宋隆兴,http://data.library.sh.cn/authority/temporal/4eweu6acc1hannl1
南宋,南宋,乾道,孝宗,赵眘,1165,1173,南宋乾道,http://data.library.sh.cn/authority/temporal/drxafuw7q5rjt4h9
南宋,南宋,淳熙,孝宗,赵眘,1174,1189,南宋淳熙,http://data.library.sh.cn/authority/temporal/8idikrl33m8wjj5a
南宋,南宋,绍熙,光宗,赵惇,1190,1194,南宋绍熙,http://data.library.sh.cn/authority/temporal/vkjzmf3ibzillame
南宋,南宋,庆元,宁宗,赵扩,1195,1200,南宋庆元,http://data.library.sh.cn/authority/temporal/vk422w48p7jnnv9m
南宋,南宋,嘉泰,宁宗,赵扩,1201,1204,南宋嘉泰,http://data.library.sh.cn/authority/temporal/dpxwlzpqvrrgknwq
南宋,南宋,开禧,宁宗,赵扩,1205,1207,南宋开禧,http://data.library.sh.cn/authority/temporal/jfbpr9mldw3bsejz
南宋,南宋,嘉定,宁宗,赵扩,1208,1224,南宋嘉定,http://data.library.sh.cn/authority/temporal/4rqcgk86d9kosozm
南宋,南宋,宝庆,理宗,赵昀,1225,1227,南宋宝庆,http://data.library.sh.cn/authority/temporal/hxja9vuy8xlci942
南宋,南宋,绍定,理宗,赵昀,1228,1233,南宋绍定,http://data.library.sh.cn/authority/temporal/elidknupog4fgxpx
南宋,南宋,端平,理宗,赵昀,1234,1236,南宋端平,http://data.library.sh.cn/authority/temporal/1q2zspkbu6rghgwy
南宋,南宋,嘉熙,理宗,赵昀,1237,1240,南宋嘉熙,http://data.library.sh.cn/authority/temporal/gm3qslcoxoxun941
南宋,南宋,淳祐,理宗,赵昀,1241,1252,南宋淳祐,http://data.library.sh.cn/authority/temporal/brifkmq2nrzc5dkc
南宋,南宋,宝祐,理宗,赵昀,1253,1258,南宋宝祐,http://data.library.sh.cn/authority/temporal/wxx81yllfhuybldg
南宋,南宋,开庆,理宗,赵昀,1259,1259,南宋开庆,http://data.library.sh.cn/authority/temporal/lda4qw45yme2xzmj
元,元,中统,世祖,孛儿只斤忽必烈,1260,1264,元中统,http://data.library.sh.cn/authority/temporal/u4ioe7oedl7hilhn
南宋,南宋,景定,理宗,赵昀,1260,1264,南宋景定,http://data.library.sh.cn/authority/temporal/rtj3nzspzvjl3ifi
元,元,至元,世祖,孛儿只斤忽必烈,1264,1293,元至元,http://data.library.sh.cn/authority/temporal/7qedbwm2njyysc55
南宋,南宋,咸淳,度宗,赵禥,1265,1274,南宋咸淳,http://data.library.sh.cn/authority/temporal/8jz9cpabvoixpla6
南宋,南宋,德祐,恭帝,赵显,1275,1276,南宋德祐,http://data.library.sh.cn/authority/temporal/i2cba9z7ke1cskop
南宋,南宋,景炎,端宗,赵昰,1276,1278,南宋景炎,http://data.library.sh.cn/authority/temporal/6wbzscfnaxostrlq
南宋,南宋,祥兴,端宗,赵昺,1278,1279,南宋祥兴,http://data.library.sh.cn/authority/temporal/p58nvzeo14jor6xf
元,元,,,,1279,1368,元,http://data.library.sh.cn/authority/temporal/qafeg12mhoqfidor
元,元,元贞,成宗,孛儿只斤铁穆耳,1295,1296,元元贞,http://data.library.sh.cn/authority/temporal/f6aqji6bvzizbel1
元,元,大德,成宗,孛儿只斤铁穆耳,1297,1307,元大德,http://data.library.sh.cn/authority/temporal/tkmb1ndaswrin21e
元,元,至大,武宗,孛儿只斤海山,1308,1311,元至大,http://data.library.sh.cn/authority/temporal/2uhzo6iisjya9lmf
元,元,皇庆,仁宗,孛儿只斤爱育黎拔力八达,1312,1313,元皇庆,http://data.library.sh.cn/authority/temporal/4so6xfgv15jpny3x
元,元,延祐,仁宗,孛儿只斤爱育黎拔力八达,1314,1320,元延祐,http://data.library.sh.cn/authority/temporal/x7ufnrvlqba5xd6z
元,元,至治,英宗,孛儿只斤硕德八剌,1321,1323,元至治,http://data.library.sh.cn/authority/temporal/5gt5qnbeszrncw9f
元,元,泰定,泰定帝,孛儿只斤也孙铁木耳,1324,1328,元泰定,http://data.library.sh.cn/authority/temporal/7tdi42ebkyxkpy73
元,元,天历,文宗,孛儿只斤图帖睦耳,1328,1330,元天历,http://data.library.sh.cn/authority/temporal/36sic4v3jg58ub9x
元,元,致和,泰定帝,孛儿只斤也孙铁木耳,1328,1328,元致和,http://data.library.sh.cn/authority/temporal/cnpiv3j8qbauuyxg
元,元,至顺,文宗,孛儿只斤图帖睦耳,1330,1333,元至顺,http://data.library.sh.cn/authority/temporal/lhaq45cnj18eenny
元,元,元统,惠宗,孛儿只斤妥懽帖睦尔,1333,1335,元元统,http://data.library.sh.cn/authority/temporal/2umtd2fnfcq666j3
元,元,至元,惠宗,孛儿只斤妥懽帖睦尔,1335,1340,元至元,http://data.library.sh.cn/authority/temporal/rghetm4hn9imbl8f
元,元,至正,惠宗,孛儿只斤妥懽帖睦尔,1341,1370,元至正,http://data.library.sh.cn/authority/temporal/p77tfazo3es795ad
明,明,,,,1368,1644,明,http://data.library.sh.cn/authority/temporal/yex4deivsad41p9q
明,明,洪武,太祖,朱元璋,1368,1398,明洪武,http://data.library.sh.cn/authority/temporal/3rwxdjxxfz5bhff9
明,明,建文,惠帝,朱允炆,1399,1402,明建文,http://data.library.sh.cn/authority/temporal/yekvrzalopfv4bmv
明,明,永乐,成祖,朱棣,1403,1424,明永乐,http://data.library.sh.cn/authority/temporal/n6dtur51h1jk1u11
明,明,洪熙,仁宗,朱高炽,1425,1425,明洪熙,http://data.library.sh.cn/authority/temporal/5acswdyuw55zd1jp
明,明,宣德,宣宗,朱瞻基,1426,1435,明宣德,http://data.library.sh.cn/authority/temporal/v92gfnypq8m7sgtp
明,明,正统,英宗,朱祁镇,1436,1449,明正统,http://data.library.sh.cn/authority/temporal/rm9xibzyqobmeogl
明,明,景泰,代宗,朱祁钰,1450,1456,明景泰,http://data.library.sh.cn/authority/temporal/pvh2ppbntu1twhsd
明,明,天顺,英宗,朱祁镇,1457,1464,明天顺,http://data.library.sh.cn/authority/temporal/7nz2lnpyajmegy2b
明,明,成化,宪宗,朱见深,1465,1487,明成化,http://data.library.sh.cn/authority/temporal/vuhmb9kbcl273to9
明,明,弘治,孝宗,朱祐樘,1488,1505,明弘治,http://data.library.sh.cn/authority/temporal/4wbtpj5t1ic1zcxr
明,明,正德,武宗,朱厚照,1506,1521,明正德,http://data.library.sh.cn/authority/temporal/fs84xbryajw6b42u
明,明,嘉靖,世宗,朱厚熜,1522,1566,明嘉靖,http://data.library.sh.cn/authority/temporal/kfeeztmf3q8vval6
明,明,隆庆,穆宗,朱载垕,1567,1572,明隆庆,http://data.library.sh.cn/authority/temporal/phxtzrbds3cb84mj
明,明,万历,神宗,朱翊钧,1573,1620,明万历,http://data.library.sh.cn/authority/temporal/ex8mn4mcjy6sybax
清,清,天命,太祖,爱新觉罗努尔哈赤,1616,1626,清天命,http://data.library.sh.cn/authority/temporal/rla1irawwcwruud9
明,明,泰昌,光宗,朱常洛,1620,1620,明泰昌,http://data.library.sh.cn/authority/temporal/uproyet5mr9xgjp6
明,明,天启,熹宗,朱由校,1621,1627,明天启,http://data.library.sh.cn/authority/temporal/ur9jxa1pup1g1jen
清,清,天聪,太宗,爱新觉罗皇太极,1627,1635,清天聪,http://data.library.sh.cn/authority/temporal/rktj3qmedd6mzbuu
明,明,崇祯,思宗,朱由检,1628,1644,明崇祯,http://data.library.sh.cn/authority/temporal/sx2f15cnq8yjeqmb
清,清,崇德,太宗,爱新觉罗皇太极,1637,1643,清崇德,http://data.library.sh.cn/authority/temporal/34lt68a5osifrmu3
清,清,,,,1644,1911,清,http://data.library.sh.cn/authority/temporal/7ase6ple2nud826q
南明,南明,,,,1644,1683,南明,http://data.library.sh.cn/authority/temporal/n13f9bi8595hz274
清,清,顺治,世祖,爱新觉罗福临,1644,1661,清顺治,http://data.library.sh.cn/authority/temporal/yxpdzbaihbpewrap
南明,南明,隆武,唐王,朱聿键,1645,1646,南明隆武,http://data.library.sh.cn/authority/temporal/bt91q7mag4zyy14o
南明,南明,弘光,福王,朱由崧,1645,1646,南明弘光,http://data.library.sh.cn/authority/temporal/xdfcffdacxdla2fb
南明,南明,定武,韩王,朱本鉝,1646,1663,南明定武,http://data.library.sh.cn/authority/temporal/thmqd7pixsarpvud
南明,南明,绍武,唐王,朱聿鐭,1646,1646,南明绍武,http://data.library.sh.cn/authority/temporal/fia9nu7gybdigs9o
南明,南明,永历,桂王,朱由榔,1646,1661,南明永历,http://data.library.sh.cn/authority/temporal/o7ghzlgytgjry6y8
清,清,康熙,圣祖,爱新觉罗玄烨,1662,1722,清康熙,http://data.library.sh.cn/authority/temporal/toj2l37qbhwcz4bc
清,清,雍正,世宗,爱新觉罗胤禛,1723,1735,清雍正,http://data.library.sh.cn/authority/temporal/xk8iu2cwc7czhjv5
清,清,乾隆,高宗,爱新觉罗弘历,1736,1795,清乾隆,http://data.library.sh.cn/authority/temporal/q5631ocxr99ozj67
清,清,嘉庆,仁宗,爱新觉罗颙琰,1796,1820,清嘉庆,http://data.library.sh.cn/authority/temporal/y7nc46vdun3415r7
清,清,道光,宣宗,爱新觉罗旻宁,1821,1850,清道光,http://data.library.sh.cn/authority/temporal/hm3xtdntmwv4q44c
清,清,咸丰,文宗,爱新觉罗奕詝,1851,1861,清咸丰,http://data.library.sh.cn/authority/temporal/de2rjw7ed5qgpztb
清,清,同治,穆宗,爱新觉罗载淳,1862,1874,清同治,http://data.library.sh.cn/authority/temporal/3vzqg839qs4kcik7
清,清,光绪,德宗,爱新觉罗载湉,1875,1908,清光绪,http://data.library.sh.cn/authority/temporal/97gz23pcrl1j7jem
清,清,宣统,,爱新觉罗溥仪,1909,1911,清宣统,http://data.library.sh.cn/authority/temporal/3d36n7lg1nw4vh1j
民国,民国,,,,1912,1949,民国,http://data.library.sh.cn/authority/temporal/7sl8ulx4ouipdbg2
当代,当代,,,,1950,9999,当代,http://data.library.sh.cn/authority/temporal/j6mijtwmcfzq3t8b
